id,site,league,slate,site_id,name,period,max_entries,max_entrants,cost,prizepool,places_paid,total_entrants,winning_score,mincash_score,startdate,winning_payout,mincash_payout,DateTime,Title,game_cnt,winner_cnt,winner,has_lineups
1156608998,fanduel,NBA,85468,85468-261895962,$3K Sun NBA Piggy Bank Shot (150 Entries Max),2023-01-01,150,71856,0.05,3000.0,21660,71856,366.4,311.9,1672621200,125.0,0.1,2023-01-01 20:00:00,Main,3,0,"jtb4iv,joeadamo81183",1
1156608993,fanduel,NBA,85468,85468-261896100,$125K Sun NBA Shot ($25K to 1st),2023-01-01,150,19151,7.77,125000.0,4410,19151,368.3,316.0,1672621200,25000.0,14.0,2023-01-01 20:00:00,Main,3,0,garnes222,1
1156677004,draftkings,NBA,80119,139506555,NBA $15K And-One,2023-01-01,20,17835,1.0,15000.0,4636,17835,354.75,293.75,1672621200,1000.0,1.5,2023-01-01 20:00:00,Late Swap,3,7,"MICKLES,disturbedspooon,scolimon,Czervik67,greenballer,benp34,prettyboi90",1
1156608992,fanduel,NBA,85468,85468-261896069,"$3K Sun NBA Fadeaway ($0.25 to Enter, 20 Entries Max)",2023-01-01,20,14371,0.25,3000.0,4325,14371,361.2,308.2,1672621200,100.0,0.5,2023-01-01 20:00:00,Main,3,0,"waterpig,pickemott,robyoung03,oronica,jeffincol1",1
1157270810,draftkings,NBA,80119,139536560,NBA $3K Quarter Jukebox [Just $0.25!],2023-01-01,20,14268,0.25,3000.0,3419,14268,355.5,295.5,1672621200,150.0,0.5,2023-01-01 20:00:00,Late Swap,3,1,case987,1
1156676997,draftkings,NBA,80119,139506559,NBA $175K Fadeaway [$50K to 1st],2023-01-01,150,13725,15.0,175000.0,2764,13725,362.0,302.5,1672621200,50000.0,25.0,2023-01-01 20:00:00,Late Swap,3,1,garnes222,1
1156609000,fanduel,NBA,85468,85468-261896097,$40K Sun NBA Shot ($10K to 1st),2023-01-01,150,11904,4.0,40000.0,2737,11904,361.2,316.6,1672621200,10000.0,7.0,2023-01-01 20:00:00,Main,3,0,"colin913,all_hail_megatron",1
1156462356,draftkings,NBA,80119,139489637,NBA $5K mini-MAX [150 Entry Max],2023-01-01,150,11890,0.5,5000.0,2732,11784,362.0,304.0,1672621200,500.0,1.0,2023-01-01 20:00:00,Late Swap,3,1,BCrimson10,1
1156462371,draftkings,NBA,80119,139489631,NBA $2K Quarter Jukebox [Just $0.25!],2023-01-01,20,9512,0.25,2000.0,2266,9512,354.75,297.5,1672621200,100.0,0.5,2023-01-01 20:00:00,Late Swap,3,4,"WinningUgly68,gwudking,lzpnsx,DigitalDash",1
1157380289,draftkings,NBA,80119,139569397,NBA $7K And-One,2023-01-01,20,8323,1.0,7000.0,1915,8323,354.75,298.75,1672621200,600.0,1.5,2023-01-01 20:00:00,Late Swap,3,3,"Kgabes11,cj351,ppass",1
1156676999,draftkings,NBA,80119,139506553,NBA $25K Four Point Play [20 Entry Max],2023-01-01,20,7431,4.0,25000.0,1931,7431,355.5,300.0,1672621200,2500.0,6.0,2023-01-01 20:00:00,Late Swap,3,1,DigitalDash,1
1156462641,draftkings_pickem,NBA,80121,139489653,NBA Tiers $1.5K Quarter Jukebox [Just $0.25!],2023-01-01,20,7134,0.25,1500.0,1706,7134,292.5,262.75,1672621200,100.0,0.5,2023-01-01 20:00:00,(NBA Tiers),3,28,"sgtcrk,davidlobo4,Dubbzz,Ronald90,Ronnyle,FoodPorn,mnelson10,btown86,Brewcrew116,hlespree100,MetsWon,raiderforlife04,RyanBGrindin,Sqwishy,Patrick_Star,jordanroberts20,BMedley24,ktitans4659,charlesrayallday,drbenway68,dasavageking,Subia13,joey6821,Zamos,cgross201,rita127,jstout2014",1
1157390035,draftkings,NBA,80119,139570451,NBA $3K mini-MAX [150 Entry Max],2023-01-01,150,7134,0.5,3000.0,1480,7134,355.5,309.25,1672621200,500.0,1.0,2023-01-01 20:00:00,Late Swap,3,4,"siyu798,DigitalDash,xROYALpro",1
1157469226,draftkings,NBA,80119,139578025,NBA $3K mini-MAX [150 Entry Max],2023-01-01,150,7134,0.5,3000.0,1480,7134,355.5,304.0,1672621200,500.0,1.0,2023-01-01 20:00:00,Late Swap,3,4,"CloakedMistborn,xROYALpro,allenguy90,rdoherty4",1
1157484360,draftkings,NBA,80119,139578963,NBA $6K And-One,2023-01-01,20,7134,1.0,6000.0,1815,7134,354.75,295.75,1672621200,600.0,1.5,2023-01-01 20:00:00,Late Swap,3,2,"Matt1134,DKing395",1
1156609017,fanduel,NBA,85468,85468-261896076,$12K Sun NBA Pick 'N Roll (25 Entries Max),2023-01-01,25,6435,2.22,12000.0,1480,6435,361.2,319.0,1672621200,1000.0,4.5,2023-01-01 20:00:00,Main,3,0,"bearcats594,khay86,bigballah001,oronica",1
1156462638,draftkings_pickem,NBA,80121,139489648,NBA Tiers $5K And-One,2023-01-01,20,5945,1.0,5000.0,1543,5945,292.5,262.5,1672621200,500.0,1.5,2023-01-01 20:00:00,(NBA Tiers),3,40,"jasonmaszka,shawnbadboy,toweryrj,Dubbzz,LongBeachRob,sgtwiggins,hub70,mnelson10,rino28,kaysizzle,Brewcrew116,hlespree100,raiderforlife04,Bmore187,byronwallace,mikeshula,kyleyarbs,DucksFlyTogether10,i2kingguru,Wayno24,doublejsound,william0433,Crazenwhite,raiN66,wellwell123,RustyJonesNH,chrisdod18,michman1963,bmp1982,pshizirungu100,jaybonus,BRdrums1978,jtchancey,Aspen1938,falstaff64,Stacks75,jstout2014,beanster23,stretchout11,screenflashpop",1
1157469235,draftkings,NBA,80119,139578001,NBA $1.25K Quarter Jukebox [Just $0.25!],2023-01-01,20,5945,0.25,1250.0,1286,5945,354.75,300.25,1672621200,100.0,0.5,2023-01-01 20:00:00,Late Swap,3,2,"case987,kaysizzle",1
1156695302,fanduel_single,NBA,85467,85467-261896188,$25K Sun NBA Shot ($5K to 1st),2023-01-01,150,5362,5.55,25000.0,1235,5362,296.89,272.31,1672621200,5000.0,9.0,2023-01-01 20:00:00,BOS @ DEN,1,0,"falconlover,troyham,pancubanoo,native_jamerican,phillip0869,bjames2320,mayoboy123",1
1156609013,fanduel,NBA,85468,85468-261896070,$3K Sun NBA Dribbler (Single Entry),2023-01-01,1,3571,1.0,3000.0,890,3571,358.1,302.6,1672621200,150.0,2.0,2023-01-01 20:00:00,Main,3,0,"mooseman78,cora32320,dmoney2332",1
1156462791,draftkings_showdown,NBA,80122,139489663,NBA Showdown $750 Quarter Jukebox [Just $0.25!]  (BOS vs DEN),2023-01-01,20,3567,0.25,750.0,812,3567,263.25,236.5,1672621200,75.0,0.5,2023-01-01 20:00:00,(BOS vs DEN),1,2,"chiefstigers,RustyJonesNH",1
1157242085,draftkings_showdown,NBA,80122,139531980,NBA Showdown $750 Quarter Jukebox [Just $0.25!]  (BOS vs DEN),2023-01-01,20,3567,0.25,750.0,812,3567,263.25,236.25,1672621200,75.0,0.5,2023-01-01 20:00:00,(BOS vs DEN),1,1,BRdrums1978,1
1157509791,draftkings,NBA,80119,139584930,NBA $750 Quarter Jukebox [Just $0.25!] ,2023-01-01,20,3567,0.25,750.0,812,3567,354.75,300.5,1672621200,75.0,0.5,2023-01-01 20:00:00,Late Swap,3,1,twinsfan5,1
1157518591,draftkings,NBA,80119,139585453,NBA $3K And-One [20 Entry Max],2023-01-01,20,3567,1.0,3000.0,911,3567,355.5,299.0,1672621200,300.0,1.5,2023-01-01 20:00:00,Late Swap,3,1,Mdumblewski,1
1157204449,fanduel_single,NBA,85469,85469-261913389,$500 NBA 2nd Half Fadeaway ($0.25 to Enter),2023-01-01,10,2395,0.25,500.0,500,1181,140.53,118.69,1672623670,50.0,0.5,2023-01-01 20:41:10,2ND HALF ONLY (BOS @ DEN),1,0,panaylor77,1
1156609009,fanduel,NBA,85468,85468-261896071,$2K Sun NBA Swat (3 Entries Max),2023-01-01,3,2380,1.0,2000.0,600,2380,354.2,310.9,1672621200,200.0,2.0,2023-01-01 20:00:00,Main,3,0,malkermiles,1
1156462370,draftkings,NBA,80119,139489643,NBA $2K Daily Dollar [Single Entry] ,2023-01-01,1,2378,1.0,2000.0,616,2378,343.75,290.5,1672621200,200.0,1.5,2023-01-01 20:00:00,Late Swap,3,1,cusplove,1
1156462637,draftkings_pickem,NBA,80121,139489654,NBA Tiers $10K Zone [$2K to 1st],2023-01-01,71,2378,5.0,10000.0,590,2378,292.5,266.0,1672621200,2000.0,8.0,2023-01-01 20:00:00,(NBA Tiers),3,19,"q2172295,tpolak25,kababio,slvwrx0303,MaseMurda24,goatboy130,grayj571,vintaycorp2,finzfan54,barig224,papaaj1,slushfundx,jstout2014,ojxwilliams,yaya0130,tckenjay,Sbosley,swarms82,tiger-1961",1
1156462786,draftkings_showdown,NBA,80122,139489657,NBA Showdown $2K And-One (BOS vs DEN),2023-01-01,20,2378,1.0,2000.0,616,2378,261.75,235.75,1672621200,200.0,1.5,2023-01-01 20:00:00,(BOS vs DEN),1,1,Danny72170,1
1157380768,draftkings_pickem,NBA,80121,139569421,NBA Tiers $500 Quarter Jukebox [Just $0.25!],2023-01-01,20,2378,0.25,500.0,536,2378,292.5,266.0,1672621200,50.0,0.5,2023-01-01 20:00:00,(NBA Tiers),3,18,"ZapWall,iyyiben,jstout2014,Brewcrew116,aaron7764,hymill561,Casual79,bdskalski,Kang_The_Conqueror85,sammyhoe47,jamesmind21,Shaymous777,otisdog69,RyanBGrindin,Duceloco2,yodabox,Tyarnaze23,CT_SLEEPER",1
1157228928,draftkings_showdown,NBA,80122,139528842,NBA Showdown $1.75K And-One [20 Entry Max] (BOS vs DEN),2023-01-01,20,2080,1.0,1750.0,560,2080,257.0,235.0,1672621200,150.0,1.5,2023-01-01 20:00:00,(BOS vs DEN),1,4,"GirlBoss1989,theGuru805,junie757",1
1156462355,draftkings,NBA,80119,139489642,NBA $8K High Five [Single Entry],2023-01-01,1,1902,5.0,8000.0,432,1902,346.5,297.0,1672621200,750.0,10.0,2023-01-01 20:00:00,Late Swap,3,1,Tino804,1
1156609029,fanduel,NBA,85468,85468-261896151,$3.2K Sun NBA BIG $2 Double Up (Top 800 Win),2023-01-01,55,1839,2.0,3200.0,800,1839,358.5,321.1,1672621200,4.0,4.0,2023-01-01 20:00:00,Main,3,0,chillnaturally,1
1157529211,draftkings,NBA,80119,139588331,NBA $300 Quarter Jukebox [Just $0.25!] ,2023-01-01,20,1426,0.25,300.0,329,1426,346.75,303.75,1672621200,30.0,0.5,2023-01-01 20:00:00,Late Swap,3,1,RyanBGrindin,1
1156609020,fanduel,NBA,85468,85468-261896074,$2K Sun NBA Block (Single Entry),2023-01-01,1,1190,2.0,2000.0,285,1190,352.5,311.9,1672621200,200.0,4.0,2023-01-01 20:00:00,Main,3,0,"jmsword,jahloni,dubclub7",1
1156462357,draftkings,NBA,80119,139489632,NBA $3K Hot Shot [3 Entry Max],2023-01-01,3,1189,3.0,3000.0,305,1189,349.25,298.5,1672621200,300.0,5.0,2023-01-01 20:00:00,Late Swap,3,1,jacksman8,1
1156462359,draftkings,NBA,80119,139489633,NBA $2K Elbow Shot [Single Entry],2023-01-01,1,1189,2.0,2000.0,285,1189,347.0,298.75,1672621200,200.0,3.0,2023-01-01 20:00:00,Late Swap,3,1,drakerupple,1
1157410500,draftkings,NBA,80119,139571951,NBA $1K Daily Dollar [Single Entry],2023-01-01,1,1189,1.0,1000.0,285,1189,346.5,294.25,1672621200,100.0,1.5,2023-01-01 20:00:00,Late Swap,3,1,Tino804,1
1157469938,draftkings_showdown,NBA,80122,139578195,NBA Showdown $250 Quarter Jukebox [Just $0.25!]  (BOS vs DEN),2023-01-01,20,1189,0.25,250.0,273,1189,256.75,236.0,1672621200,25.0,0.5,2023-01-01 20:00:00,(BOS vs DEN),1,1,TheBigE05,1
1157477751,draftkings,NBA,80119,139578614,NBA $15K Fadeaway [$5K to 1st],2023-01-01,35,1176,15.0,15000.0,238,1176,354.75,306.75,1672621200,5000.0,25.0,2023-01-01 20:00:00,Late Swap,3,2,"ethanpritchard,arsmith8",1
1157501080,draftkings,NBA,80119,139581400,NBA $15K Fadeaway [$5K to 1st],2023-01-01,35,1176,15.0,15000.0,238,1176,354.75,305.5,1672621200,5000.0,25.0,2023-01-01 20:00:00,Late Swap,3,2,"millskc,davis2543",1
1156462374,draftkings,NBA,80119,139489634,NBA $2 Double Up,2023-01-01,20,1149,2.0,2000.0,500,1149,338.75,319.5,1672621200,4.0,4.0,2023-01-01 20:00:00,Late Swap,3,1,dclark1430,1
1156607228,yahoo,NBA,17529,11969161,NBA $250 Guaranteed [$25 to 1st],2023-01-01,34,1137,0.25,250.0,270,1137,320.9,0.0,1672621200,25.0,0.5,2023-01-01 20:00:00,Sun 1/1 23 SAME_DAY,3,0,,0
1157363748,yahoo,NBA,17529,11973557,NBA $250 Guaranteed [$25 to 1st],2023-01-01,34,1137,0.25,250.0,270,1137,320.9,0.0,1672621200,25.0,0.5,2023-01-01 20:00:00,Sun 1/1 23 SAME_DAY,3,0,,0
1156607226,yahoo,NBA,17529,11969663,NBA $1K Guaranteed [100 to 1st],2023-01-01,34,1136,1.0,1000.0,235,1136,326.2,0.0,1672621200,100.0,2.0,2023-01-01 20:00:00,Sun 1/1 23 SAME_DAY,3,0,,0
1156609015,fanduel,NBA,85468,85468-261896075,$2K Sun NBA All Rookie (No Experienced Players),2023-01-01,30,1111,2.0,2000.0,299,1105,354.2,305.2,1672621200,200.0,4.0,2023-01-01 20:00:00,Main,3,0,jakea100,1
1157484346,draftkings,NBA,80119,139579261,NBA $4K High Five [Single Entry],2023-01-01,1,951,5.0,4000.0,212,951,348.0,298.0,1672621200,400.0,10.0,2023-01-01 20:00:00,Late Swap,3,1,THATDAMNJT,1
1157509766,draftkings,NBA,80119,139584710,NBA $4K High Five [Single Entry],2023-01-01,1,951,5.0,4000.0,212,951,349.25,297.0,1672621200,400.0,10.0,2023-01-01 20:00:00,Late Swap,3,1,DeMattia4,1
1156462785,draftkings_showdown,NBA,80122,139489658,NBA Showdown $8K Pull Up Jumper [$2K to 1st] (BOS vs DEN),2023-01-01,28,941,10.0,8000.0,194,941,263.25,237.75,1672621200,2000.0,15.0,2023-01-01 20:00:00,(BOS vs DEN),1,1,Tburke34,1
1157360748,draftkings_showdown,NBA,80122,139568534,NBA Showdown $8K Pull Up Jumper [$2K to 1st] (BOS vs DEN),2023-01-01,28,941,10.0,8000.0,194,941,256.75,239.12,1672621200,2000.0,15.0,2023-01-01 20:00:00,(BOS vs DEN),1,1,bptrey4,1
1157518589,draftkings,NBA,80119,139585497,NBA $12K Fadeaway [$3K to 1st],2023-01-01,28,941,15.0,12000.0,197,941,346.5,303.5,1672621200,3000.0,25.0,2023-01-01 20:00:00,Late Swap,3,3,"DFS_HofbrauKing,Tino804",1
1156695299,fanduel_single,NBA,85467,85467-261896178,$1.5K Sun NBA Block (Single Entry),2023-01-01,1,892,2.0,1500.0,225,892,296.89,270.82,1672621200,150.0,4.0,2023-01-01 20:00:00,BOS @ DEN,1,0,elevateyourgame23,1
1157447325,draftkings_showdown,NBA,80122,139575414,NBA Showdown $750 And-One [20 Entry Max] (BOS vs DEN),2023-01-01,20,891,1.0,750.0,204,891,257.0,236.5,1672621200,100.0,1.5,2023-01-01 20:00:00,(BOS vs DEN),1,1,heathberry80,1
1157501109,draftkings,NBA,80119,139583274,NBA $750 Daily Dollar [Single Entry],2023-01-01,1,891,1.0,750.0,204,891,343.5,299.0,1672621200,100.0,1.5,2023-01-01 20:00:00,Late Swap,3,1,CloakedMistborn,1
1156462354,draftkings,NBA,80119,139489641,NBA $8K Pick and Roll [Single Entry],2023-01-01,1,784,12.0,8000.0,174,784,346.5,306.5,1672621200,900.0,25.0,2023-01-01 20:00:00,Late Swap,3,1,Tino804,1
1157430556,draftkings_pickem,NBA,80121,139573541,NBA Tiers $625 And-One [20 Entry Max],2023-01-01,20,743,1.0,625.0,176,743,292.5,267.75,1672621200,60.0,1.5,2023-01-01 20:00:00,(NBA Tiers),3,5,"Brewcrew116,TNeidert,j1mjam13,ncaplick,malicevic",1
1156608997,fanduel,NBA,85468,85468-261896099,$3K Sun NBA Assist (Single Entry),2023-01-01,1,714,5.0,3000.0,165,714,358.1,316.6,1672621200,500.0,10.0,2023-01-01 20:00:00,Main,3,0,dmoney2332,1
1157446633,draftkings,NBA,80119,139576123,NBA $3K High Five [Single Entry],2023-01-01,1,713,5.0,3000.0,164,713,350.25,298.75,1672621200,400.0,10.0,2023-01-01 20:00:00,Late Swap,3,1,tylertech,1
1157491287,draftkings,NBA,80119,139579713,NBA $1.5K Hot Shot [3 Entry Max],2023-01-01,3,594,3.0,1500.0,131,594,343.5,301.75,1672621200,150.0,6.0,2023-01-01 20:00:00,Late Swap,3,1,JJWATTSUP,1
1157501822,draftkings_showdown,NBA,80122,139583681,NBA Showdown $500 And-One (BOS vs DEN),2023-01-01,17,594,1.0,500.0,136,594,261.5,236.75,1672621200,50.0,1.5,2023-01-01 20:00:00,(BOS vs DEN),1,1,tutuaca7,1
1157519311,draftkings_showdown,NBA,80122,139585665,NBA Showdown $125 Quarter Jukebox [Just $0.25!] (BOS vs DEN),2023-01-01,17,594,0.25,125.0,136,594,261.75,236.5,1672621200,12.5,0.5,2023-01-01 20:00:00,(BOS vs DEN),1,1,slater1313,1
1157492008,draftkings_showdown,NBA,80122,139580682,NBA Showdown $5K Pull Up Jumper [$1K to 1st] (BOS vs DEN),2023-01-01,17,588,10.0,5000.0,145,588,261.75,236.75,1672621200,1000.0,15.0,2023-01-01 20:00:00,(BOS vs DEN),1,1,smsmjc484,1
1156607223,yahoo,NBA,17529,11969668,NBA $6K Sunday Baller [$1K to 1st],2023-01-01,17,585,12.0,6000.0,113,585,326.2,0.0,1672621200,1000.0,30.0,2023-01-01 20:00:00,Sun 1/1 23 SAME_DAY,3,0,,0
1156609025,fanduel,NBA,85468,85468-261896152,$1K Sun NBA BIG $2 Quintuple Up (Top 100 Win),2023-01-01,17,574,2.0,1000.0,100,574,352.5,336.6,1672621200,10.0,10.0,2023-01-01 20:00:00,Main,3,0,blackwood,1
1156607225,yahoo,NBA,17529,11969168,NBA $1.5K Guaranteed [$200 to 1st],2023-01-01,17,570,3.0,1500.0,99,570,326.2,0.0,1672621200,250.0,6.0,2023-01-01 20:00:00,Sun 1/1 23 SAME_DAY,3,0,,0
1157204661,fanduel_single,NBA,85470,85470-261913527,$100 NBA 4th Qtr Fadeaway ($0.25 to Enter),2023-01-01,14,479,0.25,100.0,118,479,62.35,45.99,1672624520,10.0,0.5,2023-01-01 20:55:20,4TH QTR ONLY (BOS @ DEN),1,0,bossdlo,1
1157430554,draftkings_pickem,NBA,80121,139574213,NBA Tiers $2K Zone,2023-01-01,14,475,5.0,2000.0,107,475,292.5,274.5,1672621200,200.0,10.0,2023-01-01 20:00:00,(NBA Tiers),3,6,"joeyd1022,158477,Calculated1111,daze1ny,Dmoneyhustler88,Kingj84",1
1157529195,draftkings,NBA,80119,139588025,NBA $2K High Five [Single Entry] ,2023-01-01,1,475,5.0,2000.0,107,475,340.25,303.5,1672621200,200.0,10.0,2023-01-01 20:00:00,Late Swap,3,1,burzumed,1
1157529874,draftkings_showdown,NBA,80122,139586837,NBA Showdown $400 And-One (BOS vs DEN),2023-01-01,14,475,1.0,400.0,109,475,257.0,236.75,1672621200,50.0,2.0,2023-01-01 20:00:00,(BOS vs DEN),1,2,"ksanchez504,Marco7414",1
1157529194,draftkings,NBA,80119,139588217,NBA $6K Fadeaway [$2K to 1st],2023-01-01,14,470,15.0,6000.0,98,470,354.75,313.0,1672621200,2000.0,25.0,2023-01-01 20:00:00,Late Swap,3,1,gutp,1
1156462362,draftkings,NBA,80119,139489647,NBA Single Entry $5 Double Up,2023-01-01,1,459,5.0,2000.0,200,459,342.0,305.5,1672621200,10.0,10.0,2023-01-01 20:00:00,Late Swap,3,1,SuperSkrullBros,1
1157524130,yahoo,NBA,17529,11974900,NBA $400 And 1's [$50 to 1st],2023-01-01,12,455,1.0,400.0,94,397,315.7,0.0,1672621200,50.0,2.0,2023-01-01 20:00:00,Sun 1/1 23 SAME_DAY,3,0,,0
1156462352,draftkings,NBA,80119,139489639,NBA $15K Mid Range Jumper [Single Entry],2023-01-01,1,437,40.0,15000.0,107,437,343.5,307.0,1672621200,2500.0,60.0,2023-01-01 20:00:00,Late Swap,3,1,beaker913,1
1156609011,fanduel,NBA,85468,85468-261905714,$1K NBA Small Shot,2023-01-01,11,396,3.0,1000.0,88,396,354.2,327.8,1672621200,100.0,5.0,2023-01-01 20:00:00,Main,3,0,moklovin,1
1157446649,draftkings,NBA,80119,139575405,NBA $1K Hot Shot [3 Entry Max],2023-01-01,3,396,3.0,1000.0,90,396,346.75,306.25,1672621200,100.0,6.0,2023-01-01 20:00:00,Late Swap,3,1,colbyhornet,1
1157469212,draftkings,NBA,80119,139578201,NBA $4K Pick and Roll [Single Entry],2023-01-01,1,392,12.0,4000.0,87,392,338.5,305.5,1672621200,400.0,24.0,2023-01-01 20:00:00,Late Swap,3,2,"titleist86,BigDaddyKang",1
1156462942,draftkings_showdown,NBA,80124,139489666,NBA In-Game $75 Quarter Jukebox [Just $0.25!] (2H BOS vs DEN),2023-01-01,10,356,0.25,75.0,83,356,123.5,107.88,1672624800,7.5,0.5,2023-01-01 21:12:00,(2H BOS vs DEN),1,1,erynchase,1
1157510287,draftkings_pickem,NBA,80121,139584379,NBA Tiers $75 Quarter Jukebox [Just $0.25!],2023-01-01,10,356,0.25,75.0,83,356,292.5,267.75,1672621200,7.5,0.5,2023-01-01 20:00:00,(NBA Tiers),3,5,"yodabox,Duceloco2,redman904,Tyarnaze23",1
1156608991,fanduel,NBA,85468,85468-261896101,$3K Sun NBA Dime (Single Entry),2023-01-01,1,352,10.0,3000.0,85,352,351.0,321.6,1672621200,300.0,20.0,2023-01-01 20:00:00,Main,3,0,"xchampionx,opatlion",1
1157380965,draftkings_showdown,NBA,80122,139570035,NBA Showdown $3K Pull Up Jumper [$1K to 1st] (BOS vs DEN),2023-01-01,10,352,10.0,3000.0,72,352,257.0,237.25,1672621200,1000.0,15.0,2023-01-01 20:00:00,(BOS vs DEN),1,2,"Lb1001,Kortis05",1
1156650469,superdraft,NBA,16220,595822,NBA $300 And-1,2023-01-01,16,350,1.0,300.0,88,350,407.04,385.41,1672621200,45.0,0.75,2023-01-01 20:00:00,NBA - Main,3,0,Lmfaoyourface,1
1156462640,draftkings_pickem,NBA,80121,139489656,NBA Tiers $750 Sharpshooter,2023-01-01,8,297,3.0,750.0,67,297,292.5,269.5,1672621200,80.0,6.0,2023-01-01 20:00:00,(NBA Tiers),3,4,"therealbruce,tarheel101,miguelsbhead,darylcarruthers",1
1156609008,fanduel,NBA,85468,85468-261905712,$250 NBA Small Swat,2023-01-01,8,297,1.0,250.0,69,297,352.5,326.0,1672621200,25.0,2.0,2023-01-01 20:00:00,Main,3,0,,0
1156609010,fanduel,NBA,85468,85468-261905713,$250 NBA Small Dribbler (Single Entry),2023-01-01,1,297,1.0,250.0,69,297,344.7,314.6,1672621200,25.0,2.0,2023-01-01 20:00:00,Main,3,0,,0
1157204442,fanduel_single,NBA,85469,85469-261913390,$500 NBA 2nd Half Block,2023-01-01,1,297,2.0,500.0,74,169,140.53,118.39,1672623670,50.0,4.0,2023-01-01 20:41:10,2ND HALF ONLY (BOS @ DEN),1,0,,0
1157477781,draftkings,NBA,80119,139578508,NBA $1K Four Point Play,2023-01-01,8,297,4.0,1000.0,67,297,347.25,310.25,1672621200,100.0,8.0,2023-01-01 20:00:00,Late Swap,3,1,doublejays,1
1157518619,draftkings,NBA,80119,139586705,NBA $750 Hot Shot [3 Entry Max],2023-01-01,3,297,3.0,750.0,67,297,346.5,305.75,1672621200,80.0,6.0,2023-01-01 20:00:00,Late Swap,3,1,Tino804,1
1156609007,fanduel,NBA,85468,85468-261896119,$6K Sun NBA And One (Single Entry),2023-01-01,1,282,25.0,6000.0,65,282,352.5,324.7,1672621200,750.0,50.0,2023-01-01 20:00:00,Main,3,0,redsoxfan2016,1
1156609016,fanduel,NBA,85468,85468-261905717,$50 NBA Small Fadeaway (Everyone Gets Paid),2023-01-01,7,239,0.25,50.0,239,239,341.4,146.6,1672621200,2.0,0.1,2023-01-01 20:00:00,Main,3,0,,0
1156695297,fanduel_single,NBA,85467,85467-261908594,$50 NBA Small Fadeaway (Everyone Gets Paid),2023-01-01,7,239,0.25,50.0,239,239,296.89,166.95,1672621200,2.0,0.1,2023-01-01 20:00:00,BOS @ DEN,1,0,,0
1157204453,fanduel_single,NBA,85469,85469-261913363,$50 NBA 2nd Half Small Fadeaway (Everyone Gets Paid),2023-01-01,7,239,0.25,50.0,239,118,140.03,68.14,1672623670,2.0,0.1,2023-01-01 20:41:10,2ND HALF ONLY (BOS @ DEN),1,0,,0
1157204667,fanduel_single,NBA,85470,85470-261913501,$50 NBA 4th Qtr Small Fadeaway (Everyone Gets Paid),2023-01-01,7,239,0.25,50.0,239,159,56.69,22.29,1672624520,2.0,0.1,2023-01-01 20:55:20,4TH QTR ONLY (BOS @ DEN),1,0,,0
1156462639,draftkings_pickem,NBA,80121,139489649,NBA Tiers $1K High Five [Single Entry],2023-01-01,1,237,5.0,1000.0,55,237,292.5,274.5,1672621200,150.0,10.0,2023-01-01 20:00:00,(NBA Tiers),3,3,"APot30,str8cashhomie11,KenRob",1
1156462941,draftkings_showdown,NBA,80124,139489670,NBA In-Game $200 And-One (2H BOS vs DEN),2023-01-01,7,237,1.0,200.0,55,237,123.38,107.75,1672624800,40.0,1.5,2023-01-01 21:12:00,(2H BOS vs DEN),1,1,Kjgos01,1
1157447641,draftkings_showdown,NBA,80125,139576398,NBA In-Game $50 Quarter Jukebox [Just $0.25!] (4Q BOS vs DEN),2023-01-01,7,237,0.25,50.0,55,216,55.75,45.0,1672626000,5.0,0.5,2023-01-01 21:42:00,(4Q BOS vs DEN),1,1,Osmino,1
1156462366,draftkings,NBA,80119,139489646,NBA Single Entry $10 Double Up,2023-01-01,1,229,10.0,2000.0,100,229,334.75,323.5,1672621200,20.0,20.0,2023-01-01 20:00:00,Late Swap,3,1,thomasgore,1
1156609006,fanduel,NBA,85468,85468-261905724,NBA Beginner Mini Swat (Top 60 Win),2023-01-01,5,220,1.0,200.0,60,217,354.2,302.6,1672621200,20.0,2.0,2023-01-01 20:00:00,Main,3,0,,0
1156462367,draftkings,NBA,80119,139488684,NBA Satellite to NBA $1M MEGA 8's Special,2023-01-01,6,211,5.0,888.0,1,211,338.5,338.5,1672621200,888.0,888.0,2023-01-01 20:00:00,Late Swap,3,1,bgreseth,1
1157524127,yahoo,NBA,17529,11974898,NBA $550 Stepback 3's [$100 to 1st],2023-01-01,6,209,3.0,550.0,40,205,322.9,0.0,1672621200,100.0,6.0,2023-01-01 20:00:00,Sun 1/1 23 SAME_DAY,3,0,,0
1156462787,draftkings_showdown,NBA,80122,139489659,NBA Showdown $500 Sharpshooter (BOS vs DEN),2023-01-01,5,198,3.0,500.0,45,198,248.5,234.25,1672621200,50.0,6.0,2023-01-01 20:00:00,(BOS vs DEN),1,1,JollyJoker02,1
1156609021,fanduel,NBA,85468,85468-261896154,$800 Sun NBA BIG $5 Quintuple Up (Top 32 Win),2023-01-01,5,183,5.0,800.0,32,183,351.0,329.7,1672621200,25.0,25.0,2023-01-01 20:00:00,Main,3,0,,0
1156650470,superdraft,NBA,16220,595823,"NBA $2,500 Jump Shot",2023-01-01,16,181,16.0,2500.0,28,179,407.04,389.4,1672621200,700.0,30.0,2023-01-01 20:00:00,NBA - Main,3,0,Lmfaoyourface,1
1157510285,draftkings_pickem,NBA,80121,139584454,NBA Tiers $150 And-One,2023-01-01,5,178,1.0,150.0,42,178,292.5,272.25,1672621200,30.0,1.5,2023-01-01 20:00:00,(NBA Tiers),3,2,Tyarnaze23,1
1156462353,draftkings,NBA,80119,139489638,NBA $15K Showtime [Single Entry],2023-01-01,1,166,100.0,15000.0,40,166,334.25,311.0,1672621200,2500.0,150.0,2023-01-01 20:00:00,Late Swap,3,1,vinny1979,1
1156607224,yahoo,NBA,17529,11969164,NBA $1K Guaranteed [$200 to 1st],2023-01-01,4,165,7.0,1000.0,31,165,315.2,0.0,1672621200,200.0,15.0,2023-01-01 20:00:00,Sun 1/1 23 SAME_DAY,3,0,,0
1156609026,fanduel,NBA,85468,85468-261896153,$700 Sun NBA BIG $5 Double Up (Top 70 Win),2023-01-01,4,160,5.0,700.0,70,160,352.5,321.1,1672621200,10.0,10.0,2023-01-01 20:00:00,Main,3,0,,0
1157326893,draftkings_showdown,NBA,80122,139555974,NBA Showdown $400 Sharpshooter (BOS vs DEN),2023-01-01,4,158,3.0,400.0,26,158,253.0,238.88,1672621200,46.0,8.0,2023-01-01 20:00:00,(BOS vs DEN),1,1,jonan,1
1156608995,fanduel,NBA,85468,85468-261896105,$2K Sun NBA Swingman (3 Entries Max),2023-01-01,3,157,15.0,2000.0,36,157,354.2,330.5,1672621200,500.0,30.0,2023-01-01 20:00:00,Main,3,0,moklovin,1
1157204440,fanduel_single,NBA,85469,85469-261913391,$1K NBA 2nd Half Shot ($150 to 1st),2023-01-01,4,153,7.77,1000.0,40,134,140.03,121.96,1672623670,150.0,15.0,2023-01-01 20:41:10,2ND HALF ONLY (BOS @ DEN),1,0,"ms2112,hogdoggy60,rozzyfootball",1
1156608996,fanduel,NBA,85468,85468-261896104,$1.5K Sun NBA Rebound (3 Entries Max),2023-01-01,3,147,12.0,1500.0,35,147,354.5,329.3,1672621200,250.0,25.0,2023-01-01 20:00:00,Main,3,0,bkreider,1
1157524128,yahoo,NBA,17529,11974901,NBA $1.5K Mini Baller [$300 to 1st],2023-01-01,4,146,12.0,1500.0,30,129,314.1,0.0,1672621200,300.0,24.0,2023-01-01 20:00:00,Sun 1/1 23 SAME_DAY,3,0,,0
1156462363,draftkings,NBA,80119,139489630,NBA $25 Double Up,2023-01-01,4,137,25.0,3000.0,60,137,338.75,323.5,1672621200,50.0,50.0,2023-01-01 20:00:00,Late Swap,3,1,papagates,1
1156676998,draftkings,NBA,80119,139506558,NBA $67K Alley Oop [$20K to 1st],2023-01-01,4,134,555.0,67000.0,27,134,340.25,316.25,1672621200,20000.0,1000.0,2023-01-01 20:00:00,Late Swap,3,1,skyhoke,1
1156462358,draftkings,NBA,80119,139489640,NBA $3K Fast Break [Single Entry],2023-01-01,1,129,27.0,3000.0,30,129,331.75,316.5,1672621200,350.0,50.0,2023-01-01 20:00:00,Late Swap,3,2,"moklovin,opatlion",1
1156695291,fanduel_single,NBA,85467,85467-261908590,$500 NBA Small Layup,2023-01-01,3,119,5.0,500.0,30,119,283.23,274.24,1672621200,50.0,10.0,2023-01-01 20:00:00,BOS @ DEN,1,0,,0
1156462389,draftkings,NBA,80119,139488679,NBA SUPERSatellite to NAS 2023 America's Race [2x],2023-01-01,3,118,0.5,50.0,2,118,335.25,331.75,1672621200,25.0,25.0,2023-01-01 20:00:00,Late Swap,3,1,rwsmart83,1
1156462390,draftkings,NBA,80119,139488680,NBA Satellite to NAS 2023 America's Race,2023-01-01,3,118,0.25,25.0,1,118,343.5,343.5,1672621200,25.0,25.0,2023-01-01 20:00:00,Late Swap,3,1,rwsmart83,1
1156462788,draftkings_showdown,NBA,80122,139489661,NBA Showdown $500 High Five [Single Entry] (BOS vs DEN),2023-01-01,1,118,5.0,500.0,28,118,249.0,234.75,1672621200,80.0,10.0,2023-01-01 20:00:00,(BOS vs DEN),1,2,"tsreese,DiamondDolo",1
1156463016,draftkings_showdown,NBA,80125,139489671,NBA In-Game $100 And-One (4Q BOS vs DEN),2023-01-01,3,118,1.0,100.0,27,118,56.88,46.88,1672626000,12.0,2.0,2023-01-01 21:42:00,(4Q BOS vs DEN),1,1,Goirish88,1
1157477802,draftkings,NBA,80119,139578279,NBA Satellite to NAS 2023 America's Race,2023-01-01,3,118,0.25,25.0,1,118,342.0,342.0,1672621200,25.0,25.0,2023-01-01 20:00:00,Late Swap,3,1,taxmudela,1
1157529667,draftkings_pickem,NBA,80121,139587671,NBA Tiers $100 And-One,2023-01-01,3,118,1.0,100.0,27,118,292.5,271.5,1672621200,12.0,2.0,2023-01-01 20:00:00,(NBA Tiers),3,1,Timmaah,1
1156462361,draftkings,NBA,80119,139489636,NBA $2K Buzzer Beater [3 Entry Max],2023-01-01,3,117,20.0,2000.0,26,117,338.5,323.5,1672621200,300.0,30.0,2023-01-01 20:00:00,Late Swap,3,2,"unkydomfreebands,bgreseth",1
1156462933,draftkings_showdown,NBA,80124,139489669,NBA In-Game $1K Pull Up Jumper [$200 to 1st] (2H BOS vs DEN),2023-01-01,3,117,10.0,1000.0,27,117,123.88,109.38,1672624800,200.0,15.0,2023-01-01 21:12:00,(2H BOS vs DEN),1,1,A1HoosierSales,1
1156607236,yahoo,NBA,17529,11968920,NBA $100 Guaranteed [$10 to 1st],2023-01-01,1,114,1.0,100.0,30,114,316.9,0.0,1672621200,10.0,2.0,2023-01-01 20:00:00,Sun 1/1 23 SAME_DAY,3,0,,0
1156607240,yahoo,NBA,17529,11968934,NBA $200 Guaranteed [$30 to 1st],2023-01-01,3,114,2.0,200.0,30,109,314.9,0.0,1672621200,30.0,4.0,2023-01-01 20:00:00,Sun 1/1 23 SAME_DAY,3,0,,0
1156607242,yahoo,NBA,17529,11968911,NBA $100 Guaranteed [$20 to 1st],2023-01-01,1,114,1.0,100.0,26,114,316.4,0.0,1672621200,20.0,2.0,2023-01-01 20:00:00,Sun 1/1 23 SAME_DAY,3,0,,0
1157477761,draftkings,NBA,80119,139578329,NBA Single Entry $5 Double Up,2023-01-01,1,114,5.0,500.0,50,114,335.5,323.0,1672621200,10.0,10.0,2023-01-01 20:00:00,Late Swap,3,1,Aj_cray,1
1157501091,draftkings,NBA,80119,139583735,NBA Single Entry $5 Double Up,2023-01-01,1,114,5.0,500.0,50,114,333.5,323.5,1672621200,10.0,10.0,2023-01-01 20:00:00,Late Swap,3,1,Meucci321,1
1157501094,draftkings,NBA,80119,139582957,NBA Single Entry $10 Double Up,2023-01-01,1,114,10.0,1000.0,50,114,333.5,323.5,1672621200,20.0,20.0,2023-01-01 20:00:00,Late Swap,3,1,Bluedream27,1
1157518599,draftkings,NBA,80119,139586137,NBA Single Entry $5 Double Up,2023-01-01,1,114,5.0,500.0,50,114,342.0,320.25,1672621200,10.0,10.0,2023-01-01 20:00:00,Late Swap,3,1,SuperSkrullBros,1
1156677016,draftkings,NBA,80119,139506557,NBA $6K Rotation Player [3 Entry Max],2023-01-01,3,103,66.0,6000.0,23,103,338.5,323.5,1672621200,1500.0,100.0,2023-01-01 20:00:00,Late Swap,3,1,unkydomfreebands,1
1156609047,fanduel,NBA,85468,85468-261905627,50/50 League ($5 - Top 50% Win),2023-01-01,1,100,5.0,450.0,50,100,352.5,314.4,1672621200,9.0,9.0,2023-01-01 20:00:00,Main,3,0,,0
1156609049,fanduel,NBA,85468,85468-261905606,50/50 League ($1 - Top 50% Win),2023-01-01,1,100,1.0,90.0,50,100,358.1,314.4,1672621200,1.8,1.8,2023-01-01 20:00:00,Main,3,0,,0
1156609051,fanduel,NBA,85468,85468-261905607,50/50 League ($1 - Top 50% Win),2023-01-01,1,100,1.0,90.0,50,100,352.5,320.7,1672621200,1.8,1.8,2023-01-01 20:00:00,Main,3,0,,0
1156609063,fanduel,NBA,85468,85468-261905615,50/50 League ($2 - Top 50% Win),2023-01-01,1,100,2.0,180.0,50,100,358.1,321.1,1672621200,3.6,3.6,2023-01-01 20:00:00,Main,3,0,,0
1156609064,fanduel,NBA,85468,85468-261905637,50/50 League ($10 - Top 50% Win),2023-01-01,1,100,10.0,900.0,50,100,358.1,316.6,1672621200,18.0,18.0,2023-01-01 20:00:00,Main,3,0,,0
1156609066,fanduel,NBA,85468,85468-261905591,100-Player League ($5 - Top 12 Win),2023-01-01,3,100,5.0,450.0,12,100,352.5,329.3,1672621200,125.0,15.0,2023-01-01 20:00:00,Main,3,0,,0
1156609071,fanduel,NBA,85468,85468-261905586,100-Player League ($1 - Top 12 Win),2023-01-01,3,100,1.0,90.0,12,100,351.0,324.7,1672621200,25.0,3.0,2023-01-01 20:00:00,Main,3,0,,0
1156609073,fanduel,NBA,85468,85468-261905588,100-Player League ($2 - Top 12 Win),2023-01-01,3,100,2.0,180.0,12,100,351.0,333.4,1672621200,50.0,6.0,2023-01-01 20:00:00,Main,3,0,,0
1156695415,fanduel_single,NBA,85467,85467-261908551,100-Player Contest ($2 - Top 12 Win),2023-01-01,3,100,2.0,180.0,12,100,285.47,282.12,1672621200,50.0,6.0,2023-01-01 20:00:00,BOS @ DEN,1,0,,0
1156695417,fanduel_single,NBA,85467,85467-261908550,100-Player Contest ($1 - Top 12 Win),2023-01-01,3,100,1.0,90.0,12,100,290.79,282.12,1672621200,25.0,3.0,2023-01-01 20:00:00,BOS @ DEN,1,0,,0
1156695439,fanduel_single,NBA,85467,85467-261908548,100-Player Contest ($1 - Top 12 Win),2023-01-01,3,100,1.0,90.0,12,100,293.27,282.12,1672621200,25.0,3.0,2023-01-01 20:00:00,BOS @ DEN,1,0,,0
1156695443,fanduel_single,NBA,85467,85467-261908549,100-Player Contest ($1 - Top 12 Win),2023-01-01,3,100,1.0,90.0,12,100,290.79,281.81,1672621200,25.0,3.0,2023-01-01 20:00:00,BOS @ DEN,1,0,,0
1156609003,fanduel,NBA,85468,85468-261896122,$4K Sun NBA Swish (Single Entry),2023-01-01,1,90,50.0,4000.0,21,90,348.9,329.3,1672621200,1000.0,100.0,2023-01-01 20:00:00,Main,3,0,aaaaardvark,1
1157204663,fanduel_single,NBA,85470,85470-261913529,$500 NBA 4th Qtr Shot ($100 to 1st),2023-01-01,2,76,7.77,500.0,19,57,57.19,46.95,1672624520,100.0,15.0,2023-01-01 20:55:20,4TH QTR ONLY (BOS @ DEN),1,0,,0
1156677005,draftkings,NBA,80119,139506552,NBA $10K Posterizer [2 Entry Max],2023-01-01,2,74,150.0,10000.0,17,74,335.25,305.5,1672621200,2000.0,300.0,2023-01-01 20:00:00,Late Swap,3,1,beaker913,1
1156608999,fanduel,NBA,85468,85468-261896130,$20K Sun NBA Monster ($10k To 1st),2023-01-01,2,67,333.0,20000.0,11,67,354.2,330.9,1672621200,10000.0,600.0,2023-01-01 20:00:00,Main,3,0,moklovin,1
1157204659,fanduel_single,NBA,85470,85470-261913528,$100 NBA 4th Qtr Block,2023-01-01,1,60,2.0,100.0,13,60,57.85,48.95,1672624520,25.0,4.0,2023-01-01 20:55:20,4TH QTR ONLY (BOS @ DEN),1,0,,0
1156607244,yahoo,NBA,17529,11968912,NBA $100 Guaranteed [Single Entry],2023-01-01,1,57,2.0,100.0,16,55,314.9,0.0,1672621200,20.0,4.0,2023-01-01 20:00:00,Sun 1/1 23 SAME_DAY,3,0,,0
1156607245,yahoo,NBA,17529,11968921,NBA $100 Guaranteed [No Veterans],2023-01-01,1,57,2.0,100.0,16,39,304.9,0.0,1672621200,20.0,4.0,2023-01-01 20:00:00,Sun 1/1 23 SAME_DAY,3,0,,0
1156607252,yahoo,NBA,17529,11968962,NBA $50 Guaranteed [No Veteran],2023-01-01,1,57,1.0,50.0,15,49,301.4,0.0,1672621200,10.0,2.0,2023-01-01 20:00:00,Sun 1/1 23 SAME_DAY,3,0,,0
1156609004,fanduel,NBA,85468,85468-261896127,$5K Sun NBA Windmill (Single Entry),2023-01-01,1,56,100.0,5000.0,14,56,344.7,329.3,1672621200,1250.0,200.0,2023-01-01 20:00:00,Main,3,0,"donkeyfan22,bbonelli",1
1156609022,fanduel,NBA,85468,85468-261905710,$250 NBA Double Up ($5),2023-01-01,1,56,5.0,250.0,25,56,352.5,324.3,1672621200,10.0,10.0,2023-01-01 20:00:00,Main,3,0,,0
1156609027,fanduel,NBA,85468,85468-261905708,$100 NBA Double Up ($2),2023-01-01,1,56,2.0,100.0,25,56,358.1,316.8,1672621200,4.0,4.0,2023-01-01 20:00:00,Main,3,0,,0
1156695312,fanduel_single,NBA,85467,85467-261908595,$100 NBA Double Up ($2),2023-01-01,1,56,2.0,100.0,25,56,284.69,266.16,1672621200,4.0,4.0,2023-01-01 20:00:00,BOS @ DEN,1,0,,0
1156695314,fanduel_single,NBA,85467,85467-261908597,$250 NBA Double Up ($5),2023-01-01,1,56,5.0,250.0,25,56,282.12,264.8,1672621200,10.0,10.0,2023-01-01 20:00:00,BOS @ DEN,1,0,,0
1156695316,fanduel_single,NBA,85467,85467-261908596,$100 NBA Double Up ($2),2023-01-01,1,56,2.0,100.0,25,55,282.12,264.92,1672621200,4.0,4.0,2023-01-01 20:00:00,BOS @ DEN,1,0,,0
1156607248,yahoo,NBA,17529,11968903,NBA $1 50-Team 50/50,2023-01-01,1,50,1.0,45.0,25,50,314.9,0.0,1672621200,1.8,1.8,2023-01-01 20:00:00,Sun 1/1 23 SAME_DAY,3,0,,0
1156609043,fanduel,NBA,85468,85468-261905603,50/50 League ($1 - Top 50% Win),2023-01-01,1,50,1.0,45.0,25,50,344.7,311.9,1672621200,1.8,1.8,2023-01-01 20:00:00,Main,3,0,,0
1156695336,fanduel_single,NBA,85467,85467-261908559,50/50 Contest ($1 - Top 50% Win),2023-01-01,1,50,1.0,45.0,25,50,282.12,263.86,1672621200,1.8,1.8,2023-01-01 20:00:00,BOS @ DEN,1,0,,0
1157473080,yahoo,NBA,17529,11974657,NBA $1 50-Team 50/50,2023-01-01,1,50,1.0,45.0,25,50,314.9,0.0,1672621200,1.8,1.8,2023-01-01 20:00:00,Sun 1/1 23 SAME_DAY,3,0,,0
1156609012,fanduel,NBA,85468,85468-261905715,$500 NBA Small Rebound,2023-01-01,1,49,12.0,500.0,12,49,351.4,330.5,1672621200,125.0,20.0,2023-01-01 20:00:00,Main,3,0,,0
1156695289,fanduel_single,NBA,85467,85467-261908591,$500 NBA Small Rebound,2023-01-01,1,49,12.0,500.0,12,43,282.12,267.1,1672621200,125.0,20.0,2023-01-01 20:00:00,BOS @ DEN,1,0,,0
1156609001,fanduel,NBA,85468,85468-261896129,$7K Sun NBA Putback,2023-01-01,1,35,222.0,7000.0,7,35,352.5,333.5,1672621200,2000.0,500.0,2023-01-01 20:00:00,Main,3,0,vrap,1
1156609002,fanduel,NBA,85468,85468-261896124,$2K Sun NBA Charge (Single Entry),2023-01-01,1,35,65.0,2000.0,7,35,343.3,336.6,1672621200,600.0,150.0,2023-01-01 20:00:00,Main,3,0,darkhero998,1
1156609024,fanduel,NBA,85468,85468-261905711,$300 NBA Double Up ($10),2023-01-01,1,34,10.0,300.0,15,34,352.5,329.3,1672621200,20.0,20.0,2023-01-01 20:00:00,Main,3,0,,0
1156695306,fanduel_single,NBA,85467,85467-261908599,$300 NBA Double Up ($10),2023-01-01,1,34,10.0,300.0,15,34,282.12,263.86,1672621200,20.0,20.0,2023-01-01 20:00:00,BOS @ DEN,1,0,,0
1156609005,fanduel,NBA,85468,85468-261905723,NBA Mini Swat (EPE),2023-01-01,1,33,1.0,30.0,7,33,337.5,301.3,1672621200,8.0,2.0,2023-01-01 20:00:00,Main,3,0,,0
1156695303,fanduel_single,NBA,85467,85467-261908600,NBA Mini Swat (EPE),2023-01-01,1,33,1.0,30.0,7,33,282.99,272.82,1672621200,8.0,2.0,2023-01-01 20:00:00,BOS @ DEN,1,0,,0
1157204451,fanduel_single,NBA,85469,85469-261913364,NBA 2nd Half Mini Swat (EPE),2023-01-01,1,33,1.0,30.0,7,33,133.99,121.81,1672623670,8.0,2.0,2023-01-01 20:41:10,2ND HALF ONLY (BOS @ DEN),1,0,,0
1157204665,fanduel_single,NBA,85470,85470-261913502,NBA 4th Qtr Mini Swat (EPE),2023-01-01,1,33,1.0,30.0,7,33,57.32,48.95,1672624520,8.0,2.0,2023-01-01 20:55:20,4TH QTR ONLY (BOS @ DEN),1,0,,0
1156607231,yahoo,NBA,17529,11968929,NBA $25 Double Up [Win $50],2023-01-01,1,23,25.0,500.0,10,21,314.9,0.0,1672621200,50.0,50.0,2023-01-01 20:00:00,Sun 1/1 23 SAME_DAY,3,0,,0
1156607241,yahoo,NBA,17529,11968880,NBA $200 Guaranteed [Single Entry],2023-01-01,1,23,10.0,200.0,5,23,292.1,0.0,1672621200,75.0,20.0,2023-01-01 20:00:00,Sun 1/1 23 SAME_DAY,3,0,,0
1156607243,yahoo,NBA,17529,11968922,NBA $100 Guaranteed [No Veterans],2023-01-01,1,23,5.0,100.0,6,18,290.6,0.0,1672621200,30.0,10.0,2023-01-01 20:00:00,Sun 1/1 23 SAME_DAY,3,0,,0
1156607246,yahoo,NBA,17529,11968879,NBA $5 Double Up [Win $10],2023-01-01,1,23,5.0,100.0,10,23,314.9,0.0,1672621200,10.0,10.0,2023-01-01 20:00:00,Sun 1/1 23 SAME_DAY,3,0,,0
1156607247,yahoo,NBA,17529,11968924,NBA $100 Guaranteed [Single Entry],2023-01-01,1,23,5.0,100.0,6,23,314.9,0.0,1672621200,30.0,10.0,2023-01-01 20:00:00,Sun 1/1 23 SAME_DAY,3,0,,0
1156607249,yahoo,NBA,17529,11968930,NBA $2 Double Up [Win $4],2023-01-01,1,23,2.0,40.0,10,23,291.8,0.0,1672621200,4.0,4.0,2023-01-01 20:00:00,Sun 1/1 23 SAME_DAY,3,0,,0
1156695296,fanduel_single,NBA,85467,85467-261908592,$500 NBA Small Slam,2023-01-01,1,23,25.0,500.0,5,19,282.12,275.88,1672621200,150.0,50.0,2023-01-01 20:00:00,BOS @ DEN,1,0,,0
1157473078,yahoo,NBA,17529,11974637,NBA $5 Double Up [Win $10],2023-01-01,1,23,5.0,100.0,10,23,314.9,0.0,1672621200,10.0,10.0,2023-01-01 20:00:00,Sun 1/1 23 SAME_DAY,3,0,,0
1156607251,yahoo,NBA,17529,11968899,NBA $2 20-Team 50/50,2023-01-01,1,20,2.0,36.0,10,20,314.9,0.0,1672621200,3.6,3.6,2023-01-01 20:00:00,Sun 1/1 23 SAME_DAY,3,0,,0
1156607279,yahoo,NBA,17529,11968882,NBA $5 20-Team 50/50,2023-01-01,1,20,5.0,90.0,10,20,314.9,0.0,1672621200,9.0,9.0,2023-01-01 20:00:00,Sun 1/1 23 SAME_DAY,3,0,,0
1156607284,yahoo,NBA,17529,11968940,NBA $3 20-Team 50/50,2023-01-01,1,20,3.0,54.0,10,20,314.9,0.0,1672621200,5.4,5.4,2023-01-01 20:00:00,Sun 1/1 23 SAME_DAY,3,0,,0
1156607289,yahoo,NBA,17529,11968881,NBA $2 20-Team 50/50,2023-01-01,1,20,2.0,36.0,10,20,314.9,0.0,1672621200,3.6,3.6,2023-01-01 20:00:00,Sun 1/1 23 SAME_DAY,3,0,,0
1156607295,yahoo,NBA,17529,11968923,NBA $1 20-Team 50/50 [No Veterans],2023-01-01,1,20,1.0,18.0,10,20,283.5,0.0,1672621200,1.8,1.8,2023-01-01 20:00:00,Sun 1/1 23 SAME_DAY,3,0,,0
1156607296,yahoo,NBA,17529,11968935,NBA $1 20-Team 50/50,2023-01-01,1,20,1.0,18.0,10,20,286.4,0.0,1672621200,1.8,1.8,2023-01-01 20:00:00,Sun 1/1 23 SAME_DAY,3,0,,0
1156609037,fanduel,NBA,85468,85468-261905621,50/50 League ($5 - Top 50% Win),2023-01-01,1,20,5.0,90.0,10,20,358.1,333.4,1672621200,9.0,9.0,2023-01-01 20:00:00,Main,3,0,,0
1156609041,fanduel,NBA,85468,85468-261905645,50/50 League ($25 - Top 50% Win),2023-01-01,1,20,25.0,450.0,10,20,358.1,333.4,1672621200,45.0,45.0,2023-01-01 20:00:00,Main,3,0,,0
1156609052,fanduel,NBA,85468,85468-261905609,50/50 League ($2 - Top 50% Win),2023-01-01,1,20,2.0,36.0,10,20,358.1,329.3,1672621200,3.6,3.6,2023-01-01 20:00:00,Main,3,0,,0
1156609061,fanduel,NBA,85468,85468-261905633,50/50 League ($10 - Top 50% Win),2023-01-01,1,20,10.0,180.0,10,20,358.1,329.3,1672621200,18.0,18.0,2023-01-01 20:00:00,Main,3,0,,0
1156609102,fanduel,NBA,85468,85468-261905564,20-Player League ($5 - Top 3 Win),2023-01-01,1,20,5.0,90.0,3,20,330.0,322.8,1672621200,50.0,15.0,2023-01-01 20:00:00,Main,3,0,,0
1156609121,fanduel,NBA,85468,85468-261905559,20-Player League ($1 - Top 3 Win),2023-01-01,1,20,1.0,18.0,3,20,341.4,336.6,1672621200,10.0,3.0,2023-01-01 20:00:00,Main,3,0,,0
1156650471,superdraft,NBA,16220,595824,NBA $11 Double Up ,2023-01-01,1,20,11.0,200.0,10,20,391.77,385.4,1672621200,20.0,10.0,2023-01-01 20:00:00,NBA - Main,3,0,"vladvagstenko,samolson3121",1
1156695328,fanduel_single,NBA,85467,85467-261908563,50/50 Contest ($2 - Top 50% Win),2023-01-01,1,20,2.0,36.0,10,20,282.12,264.44,1672621200,3.6,3.6,2023-01-01 20:00:00,BOS @ DEN,1,0,,0
1156695360,fanduel_single,NBA,85467,85467-261908567,50/50 Contest ($5 - Top 50% Win),2023-01-01,1,20,5.0,90.0,10,20,282.12,263.86,1672621200,9.0,9.0,2023-01-01 20:00:00,BOS @ DEN,1,0,,0
1156695364,fanduel_single,NBA,85467,85467-261908569,50/50 Contest ($10 - Top 50% Win),2023-01-01,1,20,10.0,180.0,10,20,294.59,263.86,1672621200,18.0,18.0,2023-01-01 20:00:00,BOS @ DEN,1,0,,0
1157202191,superdraft,NBA,16220,595868,NBA Sunday 20-Player Contest,2023-01-01,1,20,0.0,0.0,1,11,0.0,0.0,1672621200,0.0,0.0,2023-01-01 20:00:00,NBA - Main,3,0,RHINO2TN,1
1157394285,yahoo,NBA,17529,11973656,NBA $1 20-Team 50/50,2023-01-01,1,20,1.0,18.0,10,20,314.9,0.0,1672621200,1.8,1.8,2023-01-01 20:00:00,Sun 1/1 23 SAME_DAY,3,0,,0
1157423431,yahoo,NBA,17529,11973985,NBA $5 20-Team 50/50,2023-01-01,1,20,5.0,90.0,10,20,314.9,0.0,1672621200,9.0,9.0,2023-01-01 20:00:00,Sun 1/1 23 SAME_DAY,3,0,,0
1157423450,yahoo,NBA,17529,11973978,NBA $1 20-Team 50/50 [No Veterans],2023-01-01,1,20,1.0,18.0,10,18,304.9,0.0,1672621200,1.8,1.8,2023-01-01 20:00:00,Sun 1/1 23 SAME_DAY,3,0,,0
1157496279,yahoo,NBA,17529,11974851,NBA $2 20-Team 50/50,2023-01-01,1,20,2.0,36.0,10,20,314.9,0.0,1672621200,3.6,3.6,2023-01-01 20:00:00,Sun 1/1 23 SAME_DAY,3,0,,0
1157524227,yahoo,NBA,17529,11974893,NBA $1 20-Team 50/50,2023-01-01,1,20,1.0,18.0,10,20,314.9,0.0,1672621200,1.8,1.8,2023-01-01 20:00:00,Sun 1/1 23 SAME_DAY,3,0,,0
1156462364,draftkings,NBA,80119,139489644,NBA $250 Double Up,2023-01-01,1,17,250.0,4000.0,8,17,331.75,323.5,1672621200,500.0,500.0,2023-01-01 20:00:00,Late Swap,3,5,"moklovin,Firedog50,joniver,bkreider,papagates",1
1156462410,draftkings,NBA,80119,139488668,NBA $250 Double Up,2023-01-01,1,11,250.0,2500.0,5,11,331.75,328.25,1672621200,500.0,500.0,2023-01-01 20:00:00,Late Swap,3,4,"moklovin,Firedog50,joniver,bkreider",1
1156607232,yahoo,NBA,17529,11968914,NBA $500 Guaranteed [Single Entry],2023-01-01,1,11,50.0,500.0,3,11,314.9,0.0,1672621200,250.0,100.0,2023-01-01 20:00:00,Sun 1/1 23 SAME_DAY,3,0,,0
1156607233,yahoo,NBA,17529,11968932,NBA $250 Guaranteed [Single Entry],2023-01-01,1,11,25.0,250.0,3,11,314.9,0.0,1672621200,125.0,50.0,2023-01-01 20:00:00,Sun 1/1 23 SAME_DAY,3,0,,0
1156677002,draftkings,NBA,80119,139506554,NBA $15.6K Courtside Special [Single Entry],2023-01-01,1,11,1500.0,15600.0,3,11,331.75,323.5,1672621200,8500.0,2500.0,2023-01-01 20:00:00,Late Swap,3,2,"Firedog50,moklovin",1
1157496233,yahoo,NBA,17529,11974776,NBA $250 Guaranteed [Single Entry],2023-01-01,1,11,25.0,250.0,3,11,282.6,0.0,1672621200,125.0,50.0,2023-01-01 20:00:00,Sun 1/1 23 SAME_DAY,3,0,,0
1157524143,yahoo,NBA,17529,11974909,NBA $500 Guaranteed [Single Entry],2023-01-01,1,11,50.0,500.0,3,11,297.3,0.0,1672621200,250.0,100.0,2023-01-01 20:00:00,Sun 1/1 23 SAME_DAY,3,0,,0
1156607229,yahoo,NBA,17529,11968937,NBA $2.5K Guaranteed [Single Entry],2023-01-01,1,10,270.0,2500.0,3,9,297.3,0.0,1672621200,1250.0,500.0,2023-01-01 20:00:00,Sun 1/1 23 SAME_DAY,3,0,,0
1156607235,yahoo,NBA,17529,11968941,NBA $1K Guaranteed [Single Entry],2023-01-01,1,10,109.0,1000.0,3,9,285.5,0.0,1672621200,500.0,200.0,2023-01-01 20:00:00,Sun 1/1 23 SAME_DAY,3,0,,0
1156607273,yahoo,NBA,17529,11968883,NBA $109 10-Team 50/50,2023-01-01,1,10,109.0,1000.0,5,9,282.6,0.0,1672621200,200.0,200.0,2023-01-01 20:00:00,Sun 1/1 23 SAME_DAY,3,0,,0
1156607275,yahoo,NBA,17529,11968925,NBA $50 10-Team 50/50,2023-01-01,1,10,50.0,450.0,5,10,282.6,0.0,1672621200,90.0,90.0,2023-01-01 20:00:00,Sun 1/1 23 SAME_DAY,3,0,,0
1156607277,yahoo,NBA,17529,11968878,NBA $25 10-Team 50/50,2023-01-01,1,10,25.0,225.0,5,10,282.6,0.0,1672621200,45.0,45.0,2023-01-01 20:00:00,Sun 1/1 23 SAME_DAY,3,0,,0
1156607280,yahoo,NBA,17529,11968876,NBA $10 10-Team 50/50,2023-01-01,1,10,10.0,90.0,5,10,289.9,0.0,1672621200,18.0,18.0,2023-01-01 20:00:00,Sun 1/1 23 SAME_DAY,3,0,,0
1156607281,yahoo,NBA,17529,11968877,NBA $10 10-Team Group,2023-01-01,1,10,10.0,90.0,3,10,314.1,0.0,1672621200,45.0,18.0,2023-01-01 20:00:00,Sun 1/1 23 SAME_DAY,3,0,,0
1156607282,yahoo,NBA,17529,11968919,NBA $10 10-Team Group [No Veterans],2023-01-01,1,10,10.0,90.0,3,6,279.6,0.0,1672621200,45.0,18.0,2023-01-01 20:00:00,Sun 1/1 23 SAME_DAY,3,0,,0
1156607283,yahoo,NBA,17529,11968918,NBA $10 10-Team 50/50 [No Veterans],2023-01-01,1,10,10.0,90.0,5,9,267.0,0.0,1672621200,18.0,18.0,2023-01-01 20:00:00,Sun 1/1 23 SAME_DAY,3,0,,0
1156607286,yahoo,NBA,17529,11968875,NBA $5 10-Team Group,2023-01-01,1,10,5.0,45.0,3,10,291.8,0.0,1672621200,22.5,9.0,2023-01-01 20:00:00,Sun 1/1 23 SAME_DAY,3,0,,0
1156607287,yahoo,NBA,17529,11968926,NBA $5 10-Team 50/50,2023-01-01,1,10,5.0,45.0,5,10,291.8,0.0,1672621200,9.0,9.0,2023-01-01 20:00:00,Sun 1/1 23 SAME_DAY,3,0,,0
1156607288,yahoo,NBA,17529,11968945,NBA $5 10-Team Group,2023-01-01,1,10,5.0,45.0,5,10,298.8,0.0,1672621200,9.0,9.0,2023-01-01 20:00:00,Sun 1/1 23 SAME_DAY,3,0,,0
1156607290,yahoo,NBA,17529,11968906,NBA $3 10-Team 50/50,2023-01-01,1,10,3.0,27.0,5,9,282.6,0.0,1672621200,5.4,5.4,2023-01-01 20:00:00,Sun 1/1 23 SAME_DAY,3,0,,0
1156607291,yahoo,NBA,17529,11968910,NBA $3 10-Team Group,2023-01-01,1,10,3.0,27.0,3,10,285.7,0.0,1672621200,13.5,5.4,2023-01-01 20:00:00,Sun 1/1 23 SAME_DAY,3,0,,0
1156607292,yahoo,NBA,17529,11968917,NBA $3 10-Team 50/50 [No Veterans],2023-01-01,1,10,3.0,27.0,5,10,271.3,0.0,1672621200,5.4,5.4,2023-01-01 20:00:00,Sun 1/1 23 SAME_DAY,3,0,,0
1156607293,yahoo,NBA,17529,11968947,NBA $3 10-Team 50/50,2023-01-01,1,10,3.0,27.0,5,10,282.6,0.0,1672621200,5.4,5.4,2023-01-01 20:00:00,Sun 1/1 23 SAME_DAY,3,0,,0
1156607297,yahoo,NBA,17529,11968908,NBA $2 10-Team 50/50,2023-01-01,1,10,2.0,18.0,5,9,282.6,0.0,1672621200,3.6,3.6,2023-01-01 20:00:00,Sun 1/1 23 SAME_DAY,3,0,,0
1156607298,yahoo,NBA,17529,11968909,NBA $2 10-Team Group,2023-01-01,1,10,2.0,18.0,3,10,282.6,0.0,1672621200,9.0,3.6,2023-01-01 20:00:00,Sun 1/1 23 SAME_DAY,3,0,,0
1156607299,yahoo,NBA,17529,11968916,NBA $2 10-Team 50/50 [No Veterans],2023-01-01,1,10,2.0,18.0,5,10,281.4,0.0,1672621200,3.6,3.6,2023-01-01 20:00:00,Sun 1/1 23 SAME_DAY,3,0,,0
1156607300,yahoo,NBA,17529,11968949,NBA $2 10-Team 50/50,2023-01-01,1,10,2.0,18.0,5,10,282.6,0.0,1672621200,3.6,3.6,2023-01-01 20:00:00,Sun 1/1 23 SAME_DAY,3,0,,0
1156607303,yahoo,NBA,17529,11968901,NBA $1 10-Team 50/50 [Rookie Only],2023-01-01,1,10,1.0,9.0,5,5,297.3,0.0,1672621200,1.8,1.8,2023-01-01 20:00:00,Sun 1/1 23 SAME_DAY,3,0,,0
1156607304,yahoo,NBA,17529,11968907,NBA $1 10-Team 50/50,2023-01-01,1,10,1.0,9.0,5,10,314.9,0.0,1672621200,1.8,1.8,2023-01-01 20:00:00,Sun 1/1 23 SAME_DAY,3,0,,0
1156607305,yahoo,NBA,17529,11968913,NBA $1 10-Team Group,2023-01-01,1,10,1.0,9.0,3,10,298.2,0.0,1672621200,4.5,1.8,2023-01-01 20:00:00,Sun 1/1 23 SAME_DAY,3,0,,0
1156607306,yahoo,NBA,17529,11968915,NBA $1 10-Team 50/50 [No Veterans],2023-01-01,1,10,1.0,9.0,5,10,287.4,0.0,1672621200,1.8,1.8,2023-01-01 20:00:00,Sun 1/1 23 SAME_DAY,3,0,,0
1156607307,yahoo,NBA,17529,11968953,NBA $1 10-Team 50/50,2023-01-01,1,10,1.0,9.0,5,10,282.6,0.0,1672621200,1.8,1.8,2023-01-01 20:00:00,Sun 1/1 23 SAME_DAY,3,0,,0
1156608994,fanduel,NBA,85468,85468-261896149,$5K Sun NBA Monster ($2.5K to 1st),2023-01-01,1,10,555.0,5000.0,3,10,341.4,329.3,1672621200,2500.0,1250.0,2023-01-01 20:00:00,Main,3,0,flossyk,1
1156650432,superdraft,NBA,16220,595785,NBA $3 10-Player Contest,2023-01-01,1,10,3.0,27.0,3,10,391.77,385.41,1672621200,12.0,6.0,2023-01-01 20:00:00,NBA - Main,3,0,rajonrondough,1
1156650435,superdraft,NBA,16220,595786,NBA $1 10-Player Contest,2023-01-01,1,10,1.0,9.0,3,10,391.77,385.41,1672621200,4.0,2.0,2023-01-01 20:00:00,NBA - Main,3,0,rajonrondough,1
1156650438,superdraft,NBA,16220,595789,NBA $5 10-Player Contest,2023-01-01,1,10,5.0,45.0,3,9,388.84,385.41,1672621200,17.5,10.0,2023-01-01 20:00:00,NBA - Main,3,0,"icehead,herewego36",1
1156650459,superdraft,NBA,16220,595814,NBA $5 50/50,2023-01-01,1,10,5.0,45.0,5,10,407.04,385.4,1672621200,9.0,3.0,2023-01-01 20:00:00,NBA - Main,3,0,Lmfaoyourface,1
1156650461,superdraft,NBA,16220,595813,NBA $1 50/50,2023-01-01,1,10,1.0,9.0,5,10,404.25,385.4,1672621200,1.8,0.9,2023-01-01 20:00:00,NBA - Main,3,0,Lmfaoyourface,1
1156650464,superdraft,NBA,16220,595816,NBA $3 50/50,2023-01-01,1,10,3.0,27.0,5,10,404.25,388.84,1672621200,5.4,5.4,2023-01-01 20:00:00,NBA - Main,3,0,Lmfaoyourface,1
1156650465,superdraft,NBA,16220,595818,NBA $10 50/50,2023-01-01,1,10,10.0,90.0,5,9,388.84,385.4,1672621200,18.0,6.0,2023-01-01 20:00:00,NBA - Main,3,0,"icehead,RodHood,djsage604",1
1156650468,superdraft,NBA,16220,595815,NBA $44 Big 50/50,2023-01-01,1,10,44.0,400.0,5,10,391.77,385.41,1672621200,80.0,80.0,2023-01-01 20:00:00,NBA - Main,3,0,samolson3121,1
1157288416,yahoo,NBA,17529,11971660,NBA $1 10-Team Group,2023-01-01,1,10,1.0,9.0,3,10,287.6,0.0,1672621200,4.5,1.8,2023-01-01 20:00:00,Sun 1/1 23 SAME_DAY,3,0,,0
1157329425,superdraft,NBA,16220,596004,NBA $1 50/50,2023-01-01,1,10,1.0,9.0,5,10,391.77,385.4,1672621200,1.8,1.2,2023-01-01 20:00:00,NBA - Main,3,0,rajonrondough,1
1157363803,yahoo,NBA,17529,11973566,NBA $1 10-Team 50/50,2023-01-01,1,10,1.0,9.0,5,10,314.9,0.0,1672621200,1.8,1.8,2023-01-01 20:00:00,Sun 1/1 23 SAME_DAY,3,0,,0
1157394303,yahoo,NBA,17529,11973762,NBA $1 10-Team 50/50 [No Veterans],2023-01-01,1,10,1.0,9.0,5,10,289.4,0.0,1672621200,1.8,1.8,2023-01-01 20:00:00,Sun 1/1 23 SAME_DAY,3,0,,0
1157423437,yahoo,NBA,17529,11974053,NBA $5 10-Team Group,2023-01-01,1,10,5.0,45.0,5,10,282.6,0.0,1672621200,9.0,9.0,2023-01-01 20:00:00,Sun 1/1 23 SAME_DAY,3,0,,0
1157423447,yahoo,NBA,17529,11973958,NBA $1 10-Team 50/50,2023-01-01,1,10,1.0,9.0,5,10,282.6,0.0,1672621200,1.8,1.8,2023-01-01 20:00:00,Sun 1/1 23 SAME_DAY,3,0,,0
1157423449,yahoo,NBA,17529,11973986,NBA $1 10-Team Group,2023-01-01,1,10,1.0,9.0,3,10,314.9,0.0,1672621200,4.5,1.8,2023-01-01 20:00:00,Sun 1/1 23 SAME_DAY,3,0,,0
1157472836,superdraft,NBA,16220,596139,NBA $1 50/50,2023-01-01,1,10,1.0,9.0,5,10,388.84,385.4,1672621200,1.8,1.8,2023-01-01 20:00:00,NBA - Main,3,0,"RodHood,sheridanpt",1
1157496000,superdraft,NBA,16220,596143,NBA $1 10-Player Contest,2023-01-01,1,10,1.0,9.0,3,10,391.77,377.19,1672621200,4.0,2.5,2023-01-01 20:00:00,NBA - Main,3,0,Bayou15,1
1157496273,yahoo,NBA,17529,11974742,NBA $10 10-Team 50/50,2023-01-01,1,10,10.0,90.0,5,10,314.9,0.0,1672621200,18.0,18.0,2023-01-01 20:00:00,Sun 1/1 23 SAME_DAY,3,0,,0
1157496278,yahoo,NBA,17529,11974705,NBA $2 10-Team Group,2023-01-01,1,10,2.0,18.0,3,10,314.9,0.0,1672621200,9.0,3.6,2023-01-01 20:00:00,Sun 1/1 23 SAME_DAY,3,0,,0
1157496280,yahoo,NBA,17529,11974838,NBA $3 10-Team 50/50 [No Veterans],2023-01-01,1,10,3.0,27.0,5,10,281.6,0.0,1672621200,5.4,5.4,2023-01-01 20:00:00,Sun 1/1 23 SAME_DAY,3,0,,0
1157496281,yahoo,NBA,17529,11974777,NBA $2 10-Team 50/50,2023-01-01,1,10,2.0,18.0,5,10,291.2,0.0,1672621200,3.6,3.6,2023-01-01 20:00:00,Sun 1/1 23 SAME_DAY,3,0,,0
1157496282,yahoo,NBA,17529,11974837,NBA $2 10-Team 50/50 [No Veterans],2023-01-01,1,10,2.0,18.0,5,10,287.3,0.0,1672621200,3.6,3.6,2023-01-01 20:00:00,Sun 1/1 23 SAME_DAY,3,0,,0
1157496283,yahoo,NBA,17529,11974845,NBA $1 10-Team 50/50,2023-01-01,1,10,1.0,9.0,5,10,282.6,0.0,1672621200,1.8,1.8,2023-01-01 20:00:00,Sun 1/1 23 SAME_DAY,3,0,,0
1157496284,yahoo,NBA,17529,11974836,NBA $1 10-Team 50/50 [No Veterans],2023-01-01,1,10,1.0,9.0,5,9,294.0,0.0,1672621200,1.8,1.8,2023-01-01 20:00:00,Sun 1/1 23 SAME_DAY,3,0,,0
1157501081,draftkings,NBA,80119,139583605,NBA $5K Alley Oop [Single Entry],2023-01-01,1,10,555.0,5000.0,3,10,331.75,323.5,1672621200,2500.0,1000.0,2023-01-01 20:00:00,Late Swap,3,2,"moklovin,joniver",1
1157524203,yahoo,NBA,17529,11974921,NBA $25 10-Team 50/50,2023-01-01,1,10,25.0,225.0,5,10,314.9,0.0,1672621200,45.0,45.0,2023-01-01 20:00:00,Sun 1/1 23 SAME_DAY,3,0,,0
1157524204,yahoo,NBA,17529,11974878,NBA $5 10-Team Group,2023-01-01,1,10,5.0,45.0,5,10,282.6,0.0,1672621200,9.0,9.0,2023-01-01 20:00:00,Sun 1/1 23 SAME_DAY,3,0,,0
1157524210,yahoo,NBA,17529,11974877,NBA $5 10-Team 50/50,2023-01-01,1,10,5.0,45.0,5,10,314.9,0.0,1672621200,9.0,9.0,2023-01-01 20:00:00,Sun 1/1 23 SAME_DAY,3,0,,0
1156607272,yahoo,NBA,17529,11968936,NBA $270 6-Team 50/50,2023-01-01,1,6,270.0,1500.0,3,5,282.6,0.0,1672621200,500.0,500.0,2023-01-01 20:00:00,Sun 1/1 23 SAME_DAY,3,0,,0
1156607274,yahoo,NBA,17529,11968939,NBA $109 6-Team 50/50,2023-01-01,1,6,109.0,600.0,3,5,282.6,0.0,1672621200,200.0,200.0,2023-01-01 20:00:00,Sun 1/1 23 SAME_DAY,3,0,,0
1156607276,yahoo,NBA,17529,11968928,NBA $50 6-Team 50/50,2023-01-01,1,6,50.0,270.0,3,5,282.6,0.0,1672621200,90.0,90.0,2023-01-01 20:00:00,Sun 1/1 23 SAME_DAY,3,0,,0
1156607278,yahoo,NBA,17529,11968938,NBA $25 6-Team 50/50,2023-01-01,1,6,25.0,135.0,3,5,282.6,0.0,1672621200,45.0,45.0,2023-01-01 20:00:00,Sun 1/1 23 SAME_DAY,3,0,,0
1156607285,yahoo,NBA,17529,11968944,NBA $10 6-Team 50/50,2023-01-01,1,6,10.0,54.0,3,6,282.6,0.0,1672621200,18.0,18.0,2023-01-01 20:00:00,Sun 1/1 23 SAME_DAY,3,0,,0
1156607294,yahoo,NBA,17529,11968946,NBA $5 6-Team 50/50,2023-01-01,1,6,5.0,27.0,3,6,314.1,0.0,1672621200,9.0,9.0,2023-01-01 20:00:00,Sun 1/1 23 SAME_DAY,3,0,,0
1156607301,yahoo,NBA,17529,11968948,NBA $3 6-Team 50/50,2023-01-01,1,6,3.0,16.2,3,6,282.6,0.0,1672621200,5.4,5.4,2023-01-01 20:00:00,Sun 1/1 23 SAME_DAY,3,0,,0
1156607302,yahoo,NBA,17529,11968950,NBA $2 6-Team 50/50,2023-01-01,1,6,2.0,10.8,3,6,282.6,0.0,1672621200,3.6,3.6,2023-01-01 20:00:00,Sun 1/1 23 SAME_DAY,3,0,,0
1156607308,yahoo,NBA,17529,11968933,NBA $1 6-Team 50/50,2023-01-01,1,6,1.0,5.4,3,6,282.6,0.0,1672621200,1.8,1.8,2023-01-01 20:00:00,Sun 1/1 23 SAME_DAY,3,0,,0
1156607309,yahoo,NBA,17529,11968955,NBA $1 6-Team 50/50,2023-01-01,1,6,1.0,5.4,3,6,282.6,0.0,1672621200,1.8,1.8,2023-01-01 20:00:00,Sun 1/1 23 SAME_DAY,3,0,,0
1157363804,yahoo,NBA,17529,11973567,NBA $1 6-Team 50/50,2023-01-01,1,6,1.0,5.4,3,6,291.8,0.0,1672621200,1.8,1.8,2023-01-01 20:00:00,Sun 1/1 23 SAME_DAY,3,0,,0
1157423448,yahoo,NBA,17529,11973963,NBA $1 6-Team 50/50,2023-01-01,1,6,1.0,5.4,3,6,282.6,0.0,1672621200,1.8,1.8,2023-01-01 20:00:00,Sun 1/1 23 SAME_DAY,3,0,,0
1157496285,yahoo,NBA,17529,11974801,NBA $1 6-Team 50/50,2023-01-01,1,6,1.0,5.4,3,6,282.6,0.0,1672621200,1.8,1.8,2023-01-01 20:00:00,Sun 1/1 23 SAME_DAY,3,0,,0
1157524228,yahoo,NBA,17529,11974879,NBA $5 6-Team 50/50,2023-01-01,1,6,5.0,27.0,3,6,314.1,0.0,1672621200,9.0,9.0,2023-01-01 20:00:00,Sun 1/1 23 SAME_DAY,3,0,,0
1156462524,draftkings,NBA,80119,139488990,NBA $162 5-Player,2023-01-01,1,5,162.0,750.0,2,5,331.75,331.75,1672621200,500.0,250.0,2023-01-01 20:00:00,Late Swap,3,2,"bkreider,moklovin",1
1156462530,draftkings,NBA,80119,139488925,NBA $109 5-Player,2023-01-01,1,5,109.0,500.0,2,5,331.75,331.75,1672621200,340.0,160.0,2023-01-01 20:00:00,Late Swap,3,2,"bkreider,moklovin",1
1156609077,fanduel,NBA,85468,85468-261905503,5-Player League ($530),2023-01-01,1,5,530.0,2500.0,1,5,336.6,336.6,1672621200,2500.0,2500.0,2023-01-01 20:00:00,Main,3,0,moklovin,1
1156609098,fanduel,NBA,85468,85468-261905495,5-Player League ($109),2023-01-01,1,5,109.0,500.0,1,5,336.6,336.6,1672621200,500.0,500.0,2023-01-01 20:00:00,Main,3,0,,0
1156650443,superdraft,NBA,16220,595796,NBA $1 5-Player Contest,2023-01-01,1,5,1.0,4.5,2,5,388.84,388.84,1672621200,2.25,2.25,2023-01-01 20:00:00,NBA - Main,3,0,"icehead,Lmfaoyourface",1
1156650446,superdraft,NBA,16220,595799,NBA $3 5-Player Contest,2023-01-01,1,5,3.0,13.5,2,5,391.77,388.84,1672621200,9.0,2.25,2023-01-01 20:00:00,NBA - Main,3,0,rajonrondough,1
1156695378,fanduel_single,NBA,85467,85467-261908541,5-Player Contest ($270),2023-01-01,1,5,270.0,1250.0,1,5,266.82,266.82,1672621200,1250.0,1250.0,2023-01-01 20:00:00,BOS @ DEN,1,0,evlax0122,1
1157287435,superdraft,NBA,16220,595976,NBA $1 5-Player Contest,2023-01-01,1,5,1.0,4.5,2,5,391.77,385.41,1672621200,3.0,1.5,2023-01-01 20:00:00,NBA - Main,3,0,rajonrondough,1
1156462377,draftkings,NBA,80119,139489075,NBA $4K All Star [Single Entry] (Must Fill),2023-01-01,1,4,1060.0,4000.0,1,4,331.75,331.75,1672621200,4000.0,4000.0,2023-01-01 20:00:00,Late Swap,3,1,moklovin,1
1156462378,draftkings,NBA,80119,139489076,NBA $267 Winner Take All [$1K to 1st] (Must Fill),2023-01-01,1,4,267.0,1000.0,1,4,331.75,331.75,1672621200,1000.0,1000.0,2023-01-01 20:00:00,Late Swap,3,2,"moklovin,joniver",1
1156462523,draftkings,NBA,80119,139488989,NBA $162 50-50,2023-01-01,1,4,162.0,600.0,2,4,331.75,328.25,1672621200,300.0,300.0,2023-01-01 20:00:00,Late Swap,3,1,joniver,1
1156462643,draftkings_pickem,NBA,80121,139489241,"NBA Tiers $408 Winner Take All [$1.5K to 1st, Must Fill]",2023-01-01,1,4,408.0,1500.0,1,4,283.5,283.5,1672621200,1500.0,1500.0,2023-01-01 20:00:00,(NBA Tiers),3,4,"moklovin,bkreider,mikiew12,Calculated1111",1
1156462645,draftkings_pickem,NBA,80121,139489238,NBA Tiers $4K All Star [Single Entry] (Must Fill),2023-01-01,1,4,1060.0,4000.0,1,4,283.5,283.5,1672621200,4000.0,4000.0,2023-01-01 20:00:00,(NBA Tiers),3,3,"moklovin,bkreider,Calculated1111",1
1156462647,draftkings_pickem,NBA,80121,139489239,NBA Tiers $267 Winner Take All [$1K to 1st] (Must Fill),2023-01-01,1,4,267.0,1000.0,1,4,283.5,283.5,1672621200,1000.0,1000.0,2023-01-01 20:00:00,(NBA Tiers),3,3,"moklovin,bkreider,Calculated1111",1
1156462792,draftkings_showdown,NBA,80122,139489360,NBA Showdown $4K All Star [Single Entry] (Must Fill) (BOS vs DEN,2023-01-01,1,4,1060.0,4000.0,1,4,242.0,242.0,1672621200,4000.0,4000.0,2023-01-01 20:00:00,(BOS vs DEN),1,1,itsabucslife1,1
1156462793,draftkings_showdown,NBA,80122,139489363,"NBA Showdown $408 Winner Take All [$1.5K to 1st, Must Fill] (BOS",2023-01-01,1,4,408.0,1500.0,1,4,242.0,242.0,1672621200,1500.0,1500.0,2023-01-01 20:00:00,(BOS vs DEN),1,1,itsabucslife1,1
1156462794,draftkings_showdown,NBA,80122,139489361,NBA Showdown $267 Winner Take All [$1K to 1st] (Must Fill) (BOS ,2023-01-01,1,4,267.0,1000.0,1,4,244.0,244.0,1672621200,1000.0,1000.0,2023-01-01 20:00:00,(BOS vs DEN),1,1,Vvrath,1
1156462936,draftkings_showdown,NBA,80124,139489436,NBA In-Game $267 Winner Take All [$1K to 1st] (Must Fill) (2H BO,2023-01-01,1,4,267.0,1000.0,1,4,99.12,99.12,1672624800,1000.0,1000.0,2023-01-01 21:12:00,(2H BOS vs DEN),1,1,jhamilton99,1
1156462975,draftkings_showdown,NBA,80124,139489418,NBA In-Game $530 50-50 (2H BOS vs DEN),2023-01-01,1,4,530.0,2000.0,2,4,111.12,99.12,1672624800,1000.0,1000.0,2023-01-01 21:12:00,(2H BOS vs DEN),1,1,Rapscallion007,1
1156463012,draftkings_showdown,NBA,80125,139489497,NBA In-Game $267 Winner Take All [$1K to 1st] (Must Fill) (4Q BO,2023-01-01,1,4,267.0,1000.0,1,4,42.88,42.88,1672626000,1000.0,1000.0,2023-01-01 21:42:00,(4Q BOS vs DEN),1,1,nvachani,1
1156609018,fanduel,NBA,85468,85468-261905718,$1100 NBA Mini Monster,2023-01-01,1,4,300.0,1100.0,1,4,341.4,341.4,1672621200,1100.0,1100.0,2023-01-01 20:00:00,Main,3,0,flossyk,1
1156609019,fanduel,NBA,85468,85468-261896150,$6K Sun NBA Baller,2023-01-01,1,4,1650.0,6000.0,1,4,336.6,336.6,1672621200,6000.0,6000.0,2023-01-01 20:00:00,Main,3,0,moklovin,1
1156650462,superdraft,NBA,16220,595817,NBA $55 50/50,2023-01-01,1,4,55.0,200.0,2,4,391.77,385.41,1672621200,100.0,100.0,2023-01-01 20:00:00,NBA - Main,3,0,samolson3121,1
1157351656,draftkings_showdown,NBA,80122,139566798,NBA Showdown $267 Winner Take All [$1K to 1st] (Must Fill) (BOS ,2023-01-01,1,4,267.0,1000.0,1,4,245.5,245.5,1672621200,1000.0,1000.0,2023-01-01 20:00:00,(BOS vs DEN),1,1,bwhoosier,1
1157410507,draftkings,NBA,80119,139572053,NBA $267 Winner Take All [$1K to 1st] (Must Fill),2023-01-01,1,4,267.0,1000.0,1,4,328.25,328.25,1672621200,1000.0,1000.0,2023-01-01 20:00:00,Late Swap,3,1,ltp977,1
1157455683,draftkings,NBA,80119,139576939,NBA $267 Winner Take All [$1K to 1st] (Must Fill),2023-01-01,1,4,267.0,1000.0,1,4,331.75,331.75,1672621200,1000.0,1000.0,2023-01-01 20:00:00,Late Swap,3,1,moklovin,1
1157463116,draftkings_showdown,NBA,80122,139577077,NBA Showdown $267 Winner Take All [$1K to 1st] (Must Fill) (BOS ,2023-01-01,1,4,267.0,1000.0,1,4,251.25,251.25,1672621200,1000.0,1000.0,2023-01-01 20:00:00,(BOS vs DEN),1,1,robmoran1,1
1157477793,draftkings,NBA,80119,139578625,NBA $267 Winner Take All [$1K to 1st] (Must Fill),2023-01-01,1,4,267.0,1000.0,1,4,331.75,331.75,1672621200,1000.0,1000.0,2023-01-01 20:00:00,Late Swap,3,2,"joniver,moklovin",1
1157491295,draftkings,NBA,80119,139580763,NBA $267 Winner Take All [$1K to 1st] (Must Fill),2023-01-01,1,4,267.0,1000.0,1,4,331.75,331.75,1672621200,1000.0,1000.0,2023-01-01 20:00:00,Late Swap,3,1,joniver,1
1157492016,draftkings_showdown,NBA,80122,139579555,NBA Showdown $267 Winner Take All [$1K to 1st] (Must Fill) (BOS ,2023-01-01,1,4,267.0,1000.0,1,4,242.0,242.0,1672621200,1000.0,1000.0,2023-01-01 20:00:00,(BOS vs DEN),1,1,itsabucslife1,1
1157501111,draftkings,NBA,80119,139583923,NBA $267 Winner Take All [$1K to 1st] (Must Fill),2023-01-01,1,4,267.0,1000.0,1,4,333.25,333.25,1672621200,1000.0,1000.0,2023-01-01 20:00:00,Late Swap,3,1,Spylock,1
1157510506,draftkings_showdown,NBA,80122,139584708,NBA Showdown $4K All Star [Single Entry] (Must Fill) (BOS vs DEN,2023-01-01,1,4,1060.0,4000.0,1,4,242.0,242.0,1672621200,4000.0,4000.0,2023-01-01 20:00:00,(BOS vs DEN),1,1,itsabucslife1,1
1157518615,draftkings,NBA,80119,139585494,NBA $267 Winner Take All [$1K to 1st] (Must Fill),2023-01-01,1,4,267.0,1000.0,1,4,331.75,331.75,1672621200,1000.0,1000.0,2023-01-01 20:00:00,Late Swap,3,1,moklovin,1
1157519303,draftkings_showdown,NBA,80122,139585824,"NBA Showdown $408 Winner Take All [$1.5K to 1st, Must Fill] (BOS",2023-01-01,1,4,408.0,1500.0,1,4,251.25,251.25,1672621200,1500.0,1500.0,2023-01-01 20:00:00,(BOS vs DEN),1,1,robmoran1,1
1157519304,draftkings_showdown,NBA,80122,139585611,NBA Showdown $267 Winner Take All [$1K to 1st] (Must Fill) (BOS ,2023-01-01,1,4,267.0,1000.0,1,4,234.75,234.75,1672621200,1000.0,1000.0,2023-01-01 20:00:00,(BOS vs DEN),1,1,paperchase17,1
1157529221,draftkings,NBA,80119,139588571,NBA $267 Winner Take All [$1K to 1st] (Must Fill),2023-01-01,1,4,267.0,1000.0,1,4,328.25,328.25,1672621200,1000.0,1000.0,2023-01-01 20:00:00,Late Swap,3,1,superstarsaga,1
1157529875,draftkings_showdown,NBA,80122,139588554,NBA Showdown $267 Winner Take All [$1K to 1st] (Must Fill) (BOS ,2023-01-01,1,4,267.0,1000.0,1,4,245.0,245.0,1672621200,1000.0,1000.0,2023-01-01 20:00:00,(BOS vs DEN),1,1,Vitug1876,1
1157529876,draftkings_showdown,NBA,80122,139587903,NBA Showdown $267 Winner Take All [$1K to 1st] (Must Fill) (BOS ,2023-01-01,1,4,267.0,1000.0,1,4,232.5,232.5,1672621200,1000.0,1000.0,2023-01-01 20:00:00,(BOS vs DEN),1,1,Calculated1111,1
1156462522,draftkings,NBA,80119,139488906,NBA $530 3-Player,2023-01-01,1,3,530.0,1500.0,1,3,331.75,331.75,1672621200,1500.0,1500.0,2023-01-01 20:00:00,Late Swap,3,1,bkreider,1
1156462525,draftkings,NBA,80119,139488991,NBA $162 3-Player,2023-01-01,1,3,162.0,450.0,1,3,331.75,331.75,1672621200,450.0,450.0,2023-01-01 20:00:00,Late Swap,3,1,bkreider,1
1156462526,draftkings,NBA,80119,139488992,NBA $162 3-Player,2023-01-01,1,3,162.0,450.0,1,3,331.75,331.75,1672621200,450.0,450.0,2023-01-01 20:00:00,Late Swap,3,1,bkreider,1
1156462531,draftkings,NBA,80119,139488907,NBA $109 3-Player,2023-01-01,1,3,109.0,300.0,1,3,331.75,331.75,1672621200,300.0,300.0,2023-01-01 20:00:00,Late Swap,3,1,bkreider,1
1156462853,draftkings_showdown,NBA,80122,139489294,NBA Showdown $530 3-Player (BOS vs DEN),2023-01-01,1,3,530.0,1500.0,1,3,249.25,249.25,1672621200,1500.0,1500.0,2023-01-01 20:00:00,(BOS vs DEN),1,1,johnkorkher1896,1
1156462855,draftkings_showdown,NBA,80122,139489295,NBA Showdown $162 3-Player (BOS vs DEN),2023-01-01,1,3,162.0,450.0,1,3,245.25,245.25,1672621200,450.0,450.0,2023-01-01 20:00:00,(BOS vs DEN),1,1,draftkingdeeznutz22,1
1156462858,draftkings_showdown,NBA,80122,139489296,NBA Showdown $109 3-Player (BOS vs DEN),2023-01-01,1,3,109.0,300.0,1,3,242.0,242.0,1672621200,300.0,300.0,2023-01-01 20:00:00,(BOS vs DEN),1,1,itsabucslife1,1
1156462859,draftkings_showdown,NBA,80122,139489297,NBA Showdown $109 3-Player (BOS vs DEN),2023-01-01,1,3,109.0,300.0,1,3,242.0,242.0,1672621200,300.0,300.0,2023-01-01 20:00:00,(BOS vs DEN),1,1,itsabucslife1,1
1156508825,draftkings,NBA,80119,139492516,NBA $530 3-Player,2023-01-01,1,3,530.0,1500.0,1,3,331.75,331.75,1672621200,1500.0,1500.0,2023-01-01 20:00:00,Late Swap,3,1,bkreider,1
1156508950,draftkings,NBA,80119,139492518,NBA $109 3-Player,2023-01-01,1,3,109.0,300.0,1,3,331.75,331.75,1672621200,300.0,300.0,2023-01-01 20:00:00,Late Swap,3,2,"moklovin,joniver",1
1156541819,draftkings_showdown,NBA,80122,139493963,"NBA Showdown $1,060 3-Player (BOS vs DEN)",2023-01-01,1,3,1060.0,3000.0,1,3,242.0,242.0,1672621200,3000.0,3000.0,2023-01-01 20:00:00,(BOS vs DEN),1,1,itsabucslife1,1
1156541823,draftkings_showdown,NBA,80122,139493965,NBA Showdown $162 3-Player (BOS vs DEN),2023-01-01,1,3,162.0,450.0,1,3,252.75,252.75,1672621200,450.0,450.0,2023-01-01 20:00:00,(BOS vs DEN),1,1,yournamee,1
1156541827,draftkings_showdown,NBA,80122,139493967,NBA Showdown $109 3-Player (BOS vs DEN),2023-01-01,1,3,109.0,300.0,1,3,245.12,245.12,1672621200,300.0,300.0,2023-01-01 20:00:00,(BOS vs DEN),1,1,Drogon22,1
1156607397,yahoo,NBA,17529,11968886,NBA $50 3-Team Winner Takes All,2023-01-01,1,3,50.0,135.0,1,3,282.6,0.0,1672621200,135.0,135.0,2023-01-01 20:00:00,Sun 1/1 23 SAME_DAY,3,0,,0
1156607402,yahoo,NBA,17529,11968885,NBA $25 3-Team Winner Takes All,2023-01-01,1,3,25.0,67.5,1,3,278.5,0.0,1672621200,67.5,67.5,2023-01-01 20:00:00,Sun 1/1 23 SAME_DAY,3,0,,0
1156607406,yahoo,NBA,17529,11968888,NBA $10 3-Team Winner Takes All,2023-01-01,1,3,10.0,27.0,1,3,315.7,0.0,1672621200,27.0,27.0,2023-01-01 20:00:00,Sun 1/1 23 SAME_DAY,3,0,,0
1156607409,yahoo,NBA,17529,11968891,NBA $5 3-Team Winner Takes All,2023-01-01,1,3,5.0,13.5,1,3,314.1,0.0,1672621200,13.5,13.5,2023-01-01 20:00:00,Sun 1/1 23 SAME_DAY,3,0,,0
1156607410,yahoo,NBA,17529,11968892,NBA $2 3-Team Winner Takes All,2023-01-01,1,3,2.0,5.4,1,3,298.2,0.0,1672621200,5.4,5.4,2023-01-01 20:00:00,Sun 1/1 23 SAME_DAY,3,0,,0
1156607411,yahoo,NBA,17529,11968894,NBA $1 3-Team Winner Takes All,2023-01-01,1,3,1.0,2.7,1,3,285.4,0.0,1672621200,2.7,2.7,2023-01-01 20:00:00,Sun 1/1 23 SAME_DAY,3,0,,0
1156609089,fanduel,NBA,85468,85468-261905452,3-Player League ($1060),2023-01-01,1,3,1060.0,3000.0,1,3,336.6,336.6,1672621200,3000.0,3000.0,2023-01-01 20:00:00,Main,3,0,moklovin,1
1156609091,fanduel,NBA,85468,85468-261905455,3-Player League ($2660),2023-01-01,1,3,2660.0,7500.0,1,3,336.6,336.6,1672621200,7500.0,7500.0,2023-01-01 20:00:00,Main,3,0,moklovin,1
1156609100,fanduel,NBA,85468,85468-261905443,3-Player League ($270),2023-01-01,1,3,270.0,750.0,1,3,344.7,344.7,1672621200,750.0,750.0,2023-01-01 20:00:00,Main,3,0,,0
1156647505,draftkings,NBA,80119,139501647,NBA $109 3-Player,2023-01-01,1,3,109.0,300.0,1,3,331.75,331.75,1672621200,300.0,300.0,2023-01-01 20:00:00,Late Swap,3,1,moklovin,1
1156648053,draftkings_showdown,NBA,80122,139501606,NBA Showdown $109 3-Player (BOS vs DEN),2023-01-01,1,3,109.0,300.0,1,3,242.0,242.0,1672621200,300.0,300.0,2023-01-01 20:00:00,(BOS vs DEN),1,1,itsabucslife1,1
1156650448,superdraft,NBA,16220,595801,NBA $1 3-Player Contest,2023-01-01,1,3,1.0,2.7,1,3,388.84,388.84,1672621200,2.7,2.7,2023-01-01 20:00:00,NBA - Main,3,0,icehead,1
1156650449,superdraft,NBA,16220,595807,NBA $5 3-Player Contest,2023-01-01,1,3,5.0,13.5,1,3,388.84,388.84,1672621200,13.5,13.5,2023-01-01 20:00:00,NBA - Main,3,0,icehead,1
1156650450,superdraft,NBA,16220,595805,NBA $3 3-Player Contest,2023-01-01,1,3,3.0,8.1,1,3,388.84,388.84,1672621200,8.1,8.1,2023-01-01 20:00:00,NBA - Main,3,0,icehead,1
1156650454,superdraft,NBA,16220,595803,NBA $10 3-Player Contest,2023-01-01,1,3,10.0,27.0,1,3,407.04,407.04,1672621200,27.0,27.0,2023-01-01 20:00:00,NBA - Main,3,0,Lmfaoyourface,1
1156650455,superdraft,NBA,16220,595804,NBA $20 3-Player Contest,2023-01-01,1,3,20.0,54.0,1,3,385.41,385.41,1672621200,54.0,54.0,2023-01-01 20:00:00,NBA - Main,3,0,Rooney22,1
1157160062,superdraft,NBA,16220,595862,NBA $1 3-Player Contest,2023-01-01,1,3,1.0,2.7,1,3,391.77,391.77,1672621200,2.7,2.7,2023-01-01 20:00:00,NBA - Main,3,0,rajonrondough,1
1157160063,superdraft,NBA,16220,595863,NBA $3 3-Player Contest,2023-01-01,1,3,3.0,8.1,1,3,385.41,385.41,1672621200,8.1,8.1,2023-01-01 20:00:00,NBA - Main,3,0,Rooney22,1
1157160064,superdraft,NBA,16220,595864,NBA $5 3-Player Contest,2023-01-01,1,3,5.0,13.5,1,3,401.32,401.32,1672621200,13.5,13.5,2023-01-01 20:00:00,NBA - Main,3,0,Lmfaoyourface,1
1157160065,superdraft,NBA,16220,595865,NBA $10 3-Player Contest,2023-01-01,1,3,10.0,27.0,1,3,401.32,401.32,1672621200,27.0,27.0,2023-01-01 20:00:00,NBA - Main,3,0,Lmfaoyourface,1
1157288471,yahoo,NBA,17529,11971895,NBA $5 3-Team Winner Takes All,2023-01-01,1,3,5.0,13.5,1,3,289.9,0.0,1672621200,13.5,13.5,2023-01-01 20:00:00,Sun 1/1 23 SAME_DAY,3,0,,0
1157288501,yahoo,NBA,17529,11971794,NBA $1 3-Team Winner Takes All,2023-01-01,1,3,1.0,2.7,1,3,273.5,0.0,1672621200,2.7,2.7,2023-01-01 20:00:00,Sun 1/1 23 SAME_DAY,3,0,,0
1157423563,yahoo,NBA,17529,11974140,NBA $1 3-Team Winner Takes All,2023-01-01,1,3,1.0,2.7,1,3,297.9,0.0,1672621200,2.7,2.7,2023-01-01 20:00:00,Sun 1/1 23 SAME_DAY,3,0,,0
1157450212,superdraft,NBA,16220,596118,NBA $1 3-Player Contest,2023-01-01,1,3,1.0,2.7,1,3,385.41,385.41,1672621200,2.7,2.7,2023-01-01 20:00:00,NBA - Main,3,0,Rooney22,1
1157495999,superdraft,NBA,16220,596142,NBA $3 3-Player Contest,2023-01-01,1,3,3.0,8.1,1,3,385.41,385.41,1672621200,8.1,8.1,2023-01-01 20:00:00,NBA - Main,3,0,Rooney22,1
1156651419,yahoo,NBA,17529,11969879,NBA $270 H2H vs chrisair,2023-01-01,1,2,270.0,500.0,1,2,282.6,0.0,1672621200,500.0,500.0,2023-01-01 20:00:00,Sun 1/1 23 SAME_DAY,3,0,,0
1156651423,yahoo,NBA,17529,11969875,NBA $10 H2H vs chrisair,2023-01-01,1,2,10.0,18.0,1,2,282.6,0.0,1672621200,18.0,18.0,2023-01-01 20:00:00,Sun 1/1 23 SAME_DAY,3,0,,0
1156651426,yahoo,NBA,17529,11969872,NBA $1 H2H vs chrisair,2023-01-01,1,2,1.0,1.8,1,2,282.6,0.0,1672621200,1.8,1.8,2023-01-01 20:00:00,Sun 1/1 23 SAME_DAY,3,0,,0
1157161064,yahoo,NBA,17529,11970998,NBA $5 H2H vs miggywood,2023-01-01,1,2,5.0,9.0,1,2,282.6,0.0,1672621200,9.0,9.0,2023-01-01 20:00:00,Sun 1/1 23 SAME_DAY,3,0,,0
1157161066,yahoo,NBA,17529,11970991,NBA $1 H2H vs miggywood,2023-01-01,1,2,1.0,1.8,1,2,282.6,0.0,1672621200,1.8,1.8,2023-01-01 20:00:00,Sun 1/1 23 SAME_DAY,3,0,,0
1157245639,yahoo,NBA,17529,11971441,NBA $2 H2H vs Titletown2121,2023-01-01,1,2,2.0,3.6,1,2,282.6,0.0,1672621200,3.6,3.6,2023-01-01 20:00:00,Sun 1/1 23 SAME_DAY,3,0,,0
1157245641,yahoo,NBA,17529,11971421,NBA $1 H2H vs Titletown2121,2023-01-01,1,2,1.0,1.8,1,2,282.6,0.0,1672621200,1.8,1.8,2023-01-01 20:00:00,Sun 1/1 23 SAME_DAY,3,0,,0
1157287412,superdraft,NBA,16220,595886,NBA Sunday vs.RodHood,2023-01-01,1,2,1.0,1.8,1,2,388.84,388.84,1672621200,1.8,1.8,2023-01-01 20:00:00,NBA - Main,3,0,RodHood,1
1157287413,superdraft,NBA,16220,595887,NBA Sunday vs.RodHood,2023-01-01,1,2,1.0,1.8,1,2,388.84,388.84,1672621200,1.8,1.8,2023-01-01 20:00:00,NBA - Main,3,0,RodHood,1
1157287430,superdraft,NBA,16220,595966,NBA Sunday vs.Darrenc,2023-01-01,1,2,0.0,0.0,1,2,0.0,0.0,1672621200,0.0,0.0,2023-01-01 20:00:00,NBA - Main,3,0,Jmeezy,1
1157287431,superdraft,NBA,16220,595967,NBA Sunday vs.Darrenc,2023-01-01,1,2,0.0,0.0,1,2,0.0,0.0,1672621200,0.0,0.0,2023-01-01 20:00:00,NBA - Main,3,0,RHINO2TN,1
1157287432,superdraft,NBA,16220,595968,NBA Sunday vs.Darrenc,2023-01-01,1,2,0.0,0.0,1,1,0.0,0.0,1672621200,0.0,0.0,2023-01-01 20:00:00,NBA - Main,3,0,Darrenc,1
1157287433,superdraft,NBA,16220,595969,NBA Sunday vs.Darrenc,2023-01-01,1,2,0.0,0.0,1,1,0.0,0.0,1672621200,0.0,0.0,2023-01-01 20:00:00,NBA - Main,3,0,Darrenc,1
1157287434,superdraft,NBA,16220,595970,NBA Sunday vs.Darrenc,2023-01-01,1,2,0.0,0.0,1,1,0.0,0.0,1672621200,0.0,0.0,2023-01-01 20:00:00,NBA - Main,3,0,Darrenc,1
1157288463,yahoo,NBA,17529,11971954,NBA $25 H2H vs KOBBLERDOG,2023-01-01,1,2,25.0,45.0,1,2,282.6,0.0,1672621200,45.0,45.0,2023-01-01 20:00:00,Sun 1/1 23 SAME_DAY,3,0,,0
1157288478,yahoo,NBA,17529,11971760,NBA $5 H2H vs slotluvr,2023-01-01,1,2,5.0,9.0,1,2,295.9,0.0,1672621200,9.0,9.0,2023-01-01 20:00:00,Sun 1/1 23 SAME_DAY,3,0,,0
1157288483,yahoo,NBA,17529,11971748,NBA $1 H2H vs slotluvr,2023-01-01,1,2,1.0,1.8,1,2,295.9,0.0,1672621200,1.8,1.8,2023-01-01 20:00:00,Sun 1/1 23 SAME_DAY,3,0,,0
1157363879,yahoo,NBA,17529,11973045,NBA $5 H2H vs poopyboy,2023-01-01,1,2,5.0,9.0,1,2,282.6,0.0,1672621200,9.0,9.0,2023-01-01 20:00:00,Sun 1/1 23 SAME_DAY,3,0,,0
1157394359,yahoo,NBA,17529,11973654,NBA $50 H2H vs md0530,2023-01-01,1,2,50.0,90.0,1,2,278.1,0.0,1672621200,90.0,90.0,2023-01-01 20:00:00,Sun 1/1 23 SAME_DAY,3,0,,0
1157394368,yahoo,NBA,17529,11973809,NBA $25 H2H vs Adam,2023-01-01,1,2,25.0,45.0,1,2,278.1,0.0,1672621200,45.0,45.0,2023-01-01 20:00:00,Sun 1/1 23 SAME_DAY,3,0,,0
1157394377,yahoo,NBA,17529,11973652,NBA $10 H2H vs md0530,2023-01-01,1,2,10.0,18.0,1,2,276.6,0.0,1672621200,18.0,18.0,2023-01-01 20:00:00,Sun 1/1 23 SAME_DAY,3,0,,0
1157394389,yahoo,NBA,17529,11973796,NBA $5 H2H vs Adam,2023-01-01,1,2,5.0,9.0,1,2,278.1,0.0,1672621200,9.0,9.0,2023-01-01 20:00:00,Sun 1/1 23 SAME_DAY,3,0,,0
1157394394,yahoo,NBA,17529,11973650,NBA $2 H2H vs md0530,2023-01-01,1,2,2.0,3.6,1,2,295.3,0.0,1672621200,3.6,3.6,2023-01-01 20:00:00,Sun 1/1 23 SAME_DAY,3,0,,0
1157394399,yahoo,NBA,17529,11973649,NBA $1 H2H vs md0530,2023-01-01,1,2,1.0,1.8,1,2,267.3,0.0,1672621200,1.8,1.8,2023-01-01 20:00:00,Sun 1/1 23 SAME_DAY,3,0,,0
1157394400,yahoo,NBA,17529,11973779,NBA $1 H2H vs Adam,2023-01-01,1,2,1.0,1.8,1,2,278.1,0.0,1672621200,1.8,1.8,2023-01-01 20:00:00,Sun 1/1 23 SAME_DAY,3,0,,0
1157423004,superdraft,NBA,16220,596057,NBA Sunday vs.rajonrondough,2023-01-01,1,2,1.0,1.8,1,2,391.77,391.77,1672621200,1.8,1.8,2023-01-01 20:00:00,NBA - Main,3,0,rajonrondough,1
1157423005,superdraft,NBA,16220,596058,NBA Sunday vs.rajonrondough,2023-01-01,1,2,1.0,1.8,1,2,391.77,391.77,1672621200,1.8,1.8,2023-01-01 20:00:00,NBA - Main,3,0,rajonrondough,1
1157423518,yahoo,NBA,17529,11974033,NBA $25 H2H vs miasma,2023-01-01,1,2,25.0,45.0,1,2,262.6,0.0,1672621200,45.0,45.0,2023-01-01 20:00:00,Sun 1/1 23 SAME_DAY,3,0,,0
1157423541,yahoo,NBA,17529,11974023,NBA $5 H2H vs miasma,2023-01-01,1,2,5.0,9.0,1,2,278.1,0.0,1672621200,9.0,9.0,2023-01-01 20:00:00,Sun 1/1 23 SAME_DAY,3,0,,0
1157450213,superdraft,NBA,16220,596119,NBA Sunday vs.clrockny24,2023-01-01,1,2,0.0,0.0,1,2,0.0,0.0,1672621200,0.0,0.0,2023-01-01 20:00:00,NBA - Main,3,0,Jmeezy,1
1157496351,yahoo,NBA,17529,11974764,NBA $25 H2H vs coach-8K40,2023-01-01,1,2,25.0,45.0,1,2,273.0,0.0,1672621200,45.0,45.0,2023-01-01 20:00:00,Sun 1/1 23 SAME_DAY,3,0,,0
1157613989,superdraft,NBA,16220,596229,NBA Sunday vs.juju_15,2023-01-01,1,2,50.0,90.0,1,2,383.07,383.07,1672621200,90.0,90.0,2023-01-01 20:00:00,NBA - Main,3,0,corydrellack,1
